tripinfo_arrival;tripinfo_arrivalLane;tripinfo_arrivalPos;tripinfo_arrivalSpeed;tripinfo_depart;tripinfo_departDelay;tripinfo_departLane;tripinfo_departPos;tripinfo_departSpeed;tripinfo_devices;tripinfo_duration;tripinfo_id;tripinfo_rerouteNo;tripinfo_routeLength;tripinfo_speedFactor;tripinfo_stopTime;tripinfo_timeLoss;tripinfo_vType;tripinfo_vaporized;tripinfo_waitingCount;tripinfo_waitingTime
1377.00;6_5_1;300.00;15.70;1312.00;0.00;8_7_0;5.10;0.00;tripinfo_1312;65.00;1312;0;994.90;1.22;0.00;6.23;DEFAULT_VEHTYPE;;0;0.00
1378.00;6_7_0;400.00;10.08;1338.00;0.00;6_7_0;5.10;0.00;tripinfo_1338;40.00;1338;0;394.90;0.80;0.00;4.11;DEFAULT_VEHTYPE;;0;0.00
1381.00;7_8_0;300.00;13.06;1299.00;0.00;5_6_0;5.10;0.00;tripinfo_1299;82.00;1299;0;994.90;0.96;0.00;6.89;DEFAULT_VEHTYPE;;0;0.00
1412.00;6_5_0;300.00;11.90;1328.00;0.00;8_7_0;5.10;0.00;tripinfo_1328;84.00;1328;0;994.90;0.94;0.00;6.85;DEFAULT_VEHTYPE;;0;0.00
1417.00;3_4_0;300.00;13.56;958.00;0.00;7_3_0;5.10;0.00;tripinfo_958;459.00;958;0;494.90;1.00;0.00;423.24;DEFAULT_VEHTYPE;;2;406.00
1418.00;6_7_0;400.00;14.23;1364.00;0.00;5_6_0;5.10;0.00;tripinfo_1364;54.00;1364;0;694.90;1.04;0.00;5.57;DEFAULT_VEHTYPE;;0;0.00
1422.00;7_8_0;300.00;10.24;1129.00;2.00;4_3_0;5.10;0.00;tripinfo_1127;293.00;1127;0;794.90;0.81;0.00;222.15;DEFAULT_VEHTYPE;;2;207.00
1431.00;3_4_1;300.00;12.10;627.00;0.00;2_3_0;5.10;0.00;tripinfo_627;804.00;627;0;694.90;0.94;0.00;750.39;DEFAULT_VEHTYPE;;5;710.00
1440.00;6_5_0;300.00;15.84;431.00;0.00;4_3_0;5.10;0.00;tripinfo_431;1009.00;431;0;1194.90;1.16;0.00;934.46;DEFAULT_VEHTYPE;;14;821.00
1443.00;2_1_1;300.00;13.47;1378.00;2.00;5_6_0;5.10;0.00;tripinfo_1376;65.00;1376;0;794.90;0.99;0.00;7.13;DEFAULT_VEHTYPE;;0;0.00
1447.00;6_5_1;300.00;12.92;167.00;0.00;2_3_0;5.10;0.00;tripinfo_167;1280.00;167;0;1294.90;1.01;0.00;1186.76;DEFAULT_VEHTYPE;;19;1047.00
1458.00;6_2_2;200.00;11.67;1406.00;0.00;5_6_0;5.10;0.00;tripinfo_1406;52.00;1406;0;494.90;0.91;0.00;12.14;DEFAULT_VEHTYPE;;1;2.00
1460.00;6_5_1;300.00;13.84;1383.00;0.00;8_7_0;5.10;0.00;tripinfo_1383;77.00;1383;0;994.90;1.03;0.00;6.47;DEFAULT_VEHTYPE;;0;0.00
1479.00;6_7_0;400.00;14.47;1427.00;0.00;5_6_0;5.10;0.00;tripinfo_1427;52.00;1427;0;694.90;1.09;0.00;5.43;DEFAULT_VEHTYPE;;0;0.00
1487.00;2_1_1;300.00;14.31;1423.00;0.00;5_6_0;5.10;0.00;tripinfo_1423;64.00;1423;0;794.90;1.06;0.00;8.91;DEFAULT_VEHTYPE;;0;0.00
1494.00;6_2_2;200.00;13.43;1453.00;0.00;5_6_0;5.10;0.00;tripinfo_1453;41.00;1453;0;494.90;1.06;0.00;6.92;DEFAULT_VEHTYPE;;0;0.00
1497.00;7_8_0;300.00;14.06;1445.00;0.00;6_7_0;5.10;0.00;tripinfo_1445;52.00;1445;0;694.90;1.09;0.00;5.78;DEFAULT_VEHTYPE;;0;0.00
1519.00;2_3_2;400.00;5.62;667.00;0.00;6_2_0;5.10;0.00;tripinfo_667;852.00;667;0;594.90;1.11;0.00;813.31;DEFAULT_VEHTYPE;;5;772.00
1519.00;2_3_0;400.00;5.17;554.00;0.00;5_6_0;5.10;0.00;tripinfo_554;965.00;554;0;894.90;0.83;0.00;887.53;DEFAULT_VEHTYPE;;10;809.00
1522.00;6_7_0;400.00;13.58;1489.00;0.00;6_7_0;5.10;0.00;tripinfo_1489;33.00;1489;0;394.90;1.03;0.00;4.82;DEFAULT_VEHTYPE;;0;0.00
1529.00;3_2_0;400.00;5.48;761.00;0.00;7_3_0;5.10;0.00;tripinfo_761;768.00;761;0;594.90;1.12;0.00;729.48;DEFAULT_VEHTYPE;;7;683.00
1529.00;2_6_0;200.00;6.79;883.00;0.00;2_6_0;5.10;0.00;tripinfo_883;646.00;883;0;194.90;1.06;0.00;632.45;DEFAULT_VEHTYPE;;5;604.00
1532.00;2_6_0;200.00;8.20;367.00;0.00;7_3_0;5.10;0.00;tripinfo_367;1165.00;367;0;794.90;1.02;0.00;1108.29;DEFAULT_VEHTYPE;;17;990.00
1541.00;3_4_0;300.00;13.75;655.00;4.00;2_3_0;5.10;0.00;tripinfo_651;886.00;651;0;694.90;1.01;0.00;835.95;DEFAULT_VEHTYPE;;5;788.00
1548.00;6_7_0;400.00;13.65;1515.00;0.00;6_7_0;5.10;0.00;tripinfo_1515;33.00;1515;0;394.90;1.00;0.00;4.36;DEFAULT_VEHTYPE;;0;0.00
1549.00;6_5_0;300.00;14.88;294.00;0.00;7_3_0;5.10;0.00;tripinfo_294;1255.00;294;0;1094.90;1.09;0.00;1182.40;DEFAULT_VEHTYPE;;20;1050.00
1550.00;2_1_0;300.00;14.64;403.00;0.00;8_7_0;5.10;0.00;tripinfo_403;1147.00;403;0;1194.90;1.07;0.00;1066.02;DEFAULT_VEHTYPE;;17;899.00
1551.00;7_8_0;300.00;12.95;1184.00;0.00;4_3_0;5.10;0.00;tripinfo_1184;367.00;1184;0;794.90;1.00;0.00;309.82;DEFAULT_VEHTYPE;;3;290.00
1551.00;3_2_0;400.00;4.41;1316.00;1088.00;3_2_0;5.10;0.00;tripinfo_228;235.00;228;0;394.90;1.06;0.00;208.27;DEFAULT_VEHTYPE;;2;194.00
1552.00;3_7_2;200.00;5.69;1201.00;0.00;4_3_0;5.10;0.00;tripinfo_1201;351.00;1201;0;494.90;1.03;0.00;316.01;DEFAULT_VEHTYPE;;4;289.00
1554.00;3_7_2;200.00;7.64;1266.00;0.00;4_3_0;5.10;0.00;tripinfo_1266;288.00;1266;0;494.90;0.78;0.00;241.87;DEFAULT_VEHTYPE;;3;217.00
1556.00;7_6_0;400.00;15.00;54.00;0.00;1_2_0;5.10;0.00;tripinfo_54;1502.00;54;0;1294.90;1.09;0.00;1415.93;DEFAULT_VEHTYPE;;22;1263.00
1567.00;7_8_0;300.00;12.64;1481.00;0.00;5_6_0;5.10;0.00;tripinfo_1481;86.00;1481;0;994.90;0.91;0.00;6.80;DEFAULT_VEHTYPE;;0;0.00
1572.00;7_8_1;300.00;14.99;1191.00;0.00;4_3_0;5.10;0.00;tripinfo_1191;381.00;1191;0;794.90;1.09;0.00;327.69;DEFAULT_VEHTYPE;;4;302.00
1572.00;3_4_1;300.00;14.66;629.00;0.00;1_2_0;5.10;0.00;tripinfo_629;943.00;629;0;994.90;1.08;0.00;875.96;DEFAULT_VEHTYPE;;7;821.00
1573.00;2_1_0;300.00;13.66;452.00;0.00;8_7_0;5.10;0.00;tripinfo_452;1121.00;452;0;1194.90;1.03;0.00;1037.61;DEFAULT_VEHTYPE;;19;888.00
1575.00;2_6_0;200.00;5.89;1023.00;0.00;2_6_0;5.10;0.00;tripinfo_1023;552.00;1023;0;194.90;0.87;0.00;535.58;DEFAULT_VEHTYPE;;4;510.00
1577.00;2_1_1;300.00;12.40;1509.00;0.00;5_6_0;5.10;0.00;tripinfo_1509;68.00;1509;0;794.90;0.94;0.00;6.81;DEFAULT_VEHTYPE;;0;0.00
1583.00;6_5_0;300.00;15.37;962.00;0.00;1_2_0;5.10;0.00;tripinfo_962;621.00;962;0;794.90;1.13;0.00;569.70;DEFAULT_VEHTYPE;;3;543.00
1583.00;7_8_0;300.00;13.34;1527.00;0.00;6_7_0;5.10;0.00;tripinfo_1527;56.00;1527;0;694.90;0.99;0.00;4.87;DEFAULT_VEHTYPE;;0;0.00
1584.00;3_4_1;300.00;14.81;695.00;0.00;6_2_0;5.10;0.00;tripinfo_695;889.00;695;0;894.90;1.12;0.00;830.67;DEFAULT_VEHTYPE;;7;773.00
1584.00;2_1_0;300.00;15.15;1323.00;1065.00;3_2_0;5.10;0.00;tripinfo_258;261.00;258;0;694.90;1.11;0.00;215.69;DEFAULT_VEHTYPE;;3;190.00
1586.00;7_8_0;300.00;12.22;451.00;0.00;2_6_0;5.10;0.00;tripinfo_451;1135.00;451;0;894.90;0.97;0.00;1067.76;DEFAULT_VEHTYPE;;14;967.00
1587.00;7_8_1;300.00;13.15;172.00;0.00;8_7_0;5.10;0.00;tripinfo_172;1415.00;172;0;1794.90;1.04;0.00;1289.88;DEFAULT_VEHTYPE;;18;1153.00
1589.00;6_2_2;200.00;13.50;1542.00;0.00;5_6_0;5.10;0.00;tripinfo_1542;47.00;1542;0;494.90;1.01;0.00;11.57;DEFAULT_VEHTYPE;;1;2.00
1592.00;6_7_0;400.00;13.55;170.00;0.00;7_3_0;5.10;0.00;tripinfo_170;1422.00;170;0;1194.90;1.07;0.00;1340.72;DEFAULT_VEHTYPE;;18;1207.00
1596.00;6_5_0;300.00;13.55;997.00;0.00;2_6_0;5.10;0.00;tripinfo_997;599.00;997;0;494.90;1.04;0.00;564.61;DEFAULT_VEHTYPE;;4;535.00
1600.00;2_1_1;300.00;12.66;218.00;0.00;2_3_0;5.10;0.00;tripinfo_218;1382.00;218;0;1494.90;0.94;0.00;1267.06;DEFAULT_VEHTYPE;;19;1115.00
1605.00;6_5_0;300.00;12.36;189.00;0.00;2_3_0;5.10;0.00;tripinfo_189;1416.00;189;0;1294.90;0.97;0.00;1318.75;DEFAULT_VEHTYPE;;22;1158.00
1617.00;2_3_2;400.00;5.36;737.00;0.00;1_2_0;5.10;0.00;tripinfo_737;880.00;737;0;694.90;0.97;0.00;828.12;DEFAULT_VEHTYPE;;9;763.00
1617.00;2_3_0;400.00;5.44;533.00;0.00;8_7_0;5.10;0.00;tripinfo_533;1084.00;533;0;1294.90;0.80;0.00;967.77;DEFAULT_VEHTYPE;;11;885.00
1639.00;7_8_0;300.00;14.79;1566.00;2.00;5_6_0;5.10;0.00;tripinfo_1564;73.00;1564;0;994.90;1.08;0.00;6.64;DEFAULT_VEHTYPE;;0;0.00
1640.00;3_4_0;300.00;12.98;720.00;0.00;2_3_0;5.10;0.00;tripinfo_720;920.00;720;0;694.90;0.99;0.00;868.94;DEFAULT_VEHTYPE;;8;807.00
1651.00;3_4_1;300.00;12.77;788.00;0.00;2_3_0;5.10;0.00;tripinfo_788;863.00;788;0;694.90;1.00;0.00;812.35;DEFAULT_VEHTYPE;;8;749.00
1667.00;3_4_0;300.00;13.02;1045.00;0.00;7_3_0;5.10;0.00;tripinfo_1045;622.00;1045;0;494.90;0.99;0.00;585.92;DEFAULT_VEHTYPE;;2;570.00
1668.00;6_5_0;300.00;12.61;1003.00;0.00;1_2_0;5.10;0.00;tripinfo_1003;665.00;1003;0;794.90;0.95;0.00;604.32;DEFAULT_VEHTYPE;;5;566.00
1669.00;2_3_2;400.00;5.31;740.00;0.00;1_2_0;5.10;0.00;tripinfo_740;929.00;740;0;694.90;0.95;0.00;876.32;DEFAULT_VEHTYPE;;11;790.00
1675.00;2_1_2;300.00;16.06;1641.00;0.00;6_2_0;5.10;0.00;tripinfo_1641;34.00;1641;0;494.90;1.24;0.00;4.55;DEFAULT_VEHTYPE;;0;0.00
1676.00;7_8_0;300.00;15.84;1603.00;0.00;5_6_0;5.10;0.00;tripinfo_1603;73.00;1603;0;994.90;1.14;0.00;9.54;DEFAULT_VEHTYPE;;0;0.00
1680.00;6_7_0;400.00;10.65;64.00;0.00;4_3_0;5.10;0.00;tripinfo_64;1616.00;64;0;1294.90;0.85;0.00;1506.21;DEFAULT_VEHTYPE;;16;1369.00
1681.00;6_7_0;400.00;11.77;1621.00;0.00;5_6_0;5.10;0.00;tripinfo_1621;60.00;1621;0;694.90;0.94;0.00;6.53;DEFAULT_VEHTYPE;;0;0.00
1682.00;7_3_0;200.00;13.74;1123.00;0.00;7_3_0;5.10;0.00;tripinfo_1123;559.00;1123;0;194.90;1.08;0.00;545.32;DEFAULT_VEHTYPE;;1;536.00
1683.00;6_7_0;400.00;13.38;1650.00;3.00;6_7_0;5.10;0.00;tripinfo_1647;33.00;1647;0;394.90;1.02;0.00;4.86;DEFAULT_VEHTYPE;;0;0.00
1683.00;7_3_0;200.00;14.73;1114.00;0.00;8_7_0;5.10;0.00;tripinfo_1114;569.00;1114;0;494.90;1.14;0.00;537.80;DEFAULT_VEHTYPE;;1;526.00
1690.00;3_4_1;300.00;13.76;847.00;0.00;2_3_0;5.10;0.00;tripinfo_847;843.00;847;0;694.90;1.05;0.00;795.17;DEFAULT_VEHTYPE;;9;724.00
1724.00;3_4_1;300.00;18.20;925.00;0.00;2_3_0;5.10;0.00;tripinfo_925;799.00;925;0;694.90;1.31;0.00;760.59;DEFAULT_VEHTYPE;;10;674.00
1745.00;2_3_2;400.00;5.55;956.00;2.00;5_6_0;5.10;0.00;tripinfo_954;789.00;954;0;894.90;1.04;0.00;726.93;DEFAULT_VEHTYPE;;9;634.00
1747.00;2_3_2;400.00;7.18;745.00;0.00;1_2_0;5.10;0.00;tripinfo_745;1002.00;745;0;694.90;1.12;0.00;957.25;DEFAULT_VEHTYPE;;11;847.00
1750.00;2_3_2;400.00;9.06;839.00;0.00;1_2_0;5.10;0.00;tripinfo_839;911.00;839;0;694.90;0.88;0.00;853.43;DEFAULT_VEHTYPE;;13;745.00
1752.00;7_8_0;300.00;12.25;1665.00;0.00;5_6_0;5.10;0.00;tripinfo_1665;87.00;1665;0;994.90;0.90;0.00;6.82;DEFAULT_VEHTYPE;;0;0.00
1752.00;2_3_2;400.00;10.86;773.00;0.00;1_2_0;5.10;0.00;tripinfo_773;979.00;773;0;694.90;0.92;0.00;923.99;DEFAULT_VEHTYPE;;11;815.00
1758.00;7_8_0;300.00;14.15;1704.00;0.00;6_7_0;5.10;0.00;tripinfo_1704;54.00;1704;0;694.90;1.04;0.00;5.09;DEFAULT_VEHTYPE;;0;0.00
1765.00;3_4_1;300.00;13.98;899.00;0.00;5_6_0;5.10;0.00;tripinfo_899;866.00;899;0;1194.90;1.09;0.00;786.90;DEFAULT_VEHTYPE;;10;696.00
1768.00;7_8_1;300.00;12.83;393.00;0.00;6_2_0;5.10;0.00;tripinfo_393;1375.00;393;0;1094.90;0.98;0.00;1294.15;DEFAULT_VEHTYPE;;15;1138.00
1769.00;6_5_0;300.00;12.29;1075.00;0.00;2_6_0;5.10;0.00;tripinfo_1075;694.00;1075;0;494.90;0.91;0.00;654.63;DEFAULT_VEHTYPE;;6;611.00
1777.00;6_7_0;400.00;13.21;505.00;0.00;1_2_0;5.10;0.00;tripinfo_505;1272.00;505;0;894.90;0.98;0.00;1206.10;DEFAULT_VEHTYPE;;17;1074.00
1783.00;2_1_2;300.00;14.79;1745.00;0.00;6_2_0;5.10;0.00;tripinfo_1745;38.00;1745;0;494.90;1.08;0.00;4.50;DEFAULT_VEHTYPE;;0;0.00
1786.00;6_2_2;200.00;15.42;468.00;1.00;4_3_0;5.10;0.00;tripinfo_467;1318.00;467;0;1094.90;1.12;0.00;1246.76;DEFAULT_VEHTYPE;;18;1108.00
1789.00;2_1_0;300.00;14.25;1327.00;1034.00;3_2_0;5.10;0.00;tripinfo_293;462.00;293;0;694.90;1.11;0.00;416.35;DEFAULT_VEHTYPE;;4;388.00
1791.00;3_4_0;300.00;13.14;1138.00;2.00;7_3_0;5.10;0.00;tripinfo_1136;653.00;1136;0;494.90;1.04;0.00;617.78;DEFAULT_VEHTYPE;;2;601.00
1796.00;6_5_1;300.00;13.70;216.00;0.00;6_2_0;5.10;0.00;tripinfo_216;1580.00;216;0;1494.90;1.03;0.00;1475.27;DEFAULT_VEHTYPE;;23;1301.00
1797.00;6_2_2;200.00;11.93;1752.00;0.00;5_6_0;5.10;0.00;tripinfo_1752;45.00;1752;0;494.90;0.93;0.00;5.58;DEFAULT_VEHTYPE;;0;0.00
1807.00;2_6_0;200.00;13.56;1187.00;0.00;2_6_0;5.10;0.00;tripinfo_1187;620.00;1187;0;194.90;1.00;0.00;605.31;DEFAULT_VEHTYPE;;1;598.00
1807.00;2_3_2;400.00;4.79;833.00;1.00;1_2_0;5.10;0.00;tripinfo_832;974.00;832;0;694.90;0.97;0.00;922.55;DEFAULT_VEHTYPE;;13;794.00
1813.00;6_7_0;400.00;13.05;1757.00;0.00;5_6_0;5.10;0.00;tripinfo_1757;56.00;1757;0;694.90;1.00;0.00;5.47;DEFAULT_VEHTYPE;;0;0.00
1828.00;3_4_1;300.00;14.11;1031.00;0.00;2_3_0;5.10;0.00;tripinfo_1031;797.00;1031;0;694.90;1.09;0.00;750.22;DEFAULT_VEHTYPE;;10;648.00
1836.00;7_6_0;400.00;14.00;190.00;0.00;5_6_0;5.10;0.00;tripinfo_190;1646.00;190;0;1494.90;1.04;0.00;1542.13;DEFAULT_VEHTYPE;;25;1355.00
1850.00;3_4_1;300.00;15.86;1024.00;0.00;5_6_0;5.10;0.00;tripinfo_1024;826.00;1024;0;1194.90;1.19;0.00;752.95;DEFAULT_VEHTYPE;;10;618.00
1851.00;7_8_0;300.00;14.43;1799.00;0.00;6_7_0;5.10;0.00;tripinfo_1799;52.00;1799;0;694.90;1.12;0.00;6.55;DEFAULT_VEHTYPE;;0;0.00
1858.00;3_2_1;400.00;4.07;1288.00;1251.00;3_2_0;5.10;0.00;tripinfo_37;570.00;37;0;394.90;1.18;0.00;545.74;DEFAULT_VEHTYPE;;4;528.00
1869.00;2_3_2;400.00;6.80;870.00;0.00;1_2_0;5.10;0.00;tripinfo_870;999.00;870;0;694.90;0.97;0.00;946.95;DEFAULT_VEHTYPE;;18;790.00
1871.00;6_7_0;400.00;13.22;1838.00;0.00;6_7_0;5.10;0.00;tripinfo_1838;33.00;1838;0;394.90;1.01;0.00;4.41;DEFAULT_VEHTYPE;;0;0.00
1871.00;2_3_2;400.00;6.72;1086.00;0.00;5_6_0;5.10;0.00;tripinfo_1086;785.00;1086;0;894.90;0.99;0.00;720.14;DEFAULT_VEHTYPE;;12;571.00
1873.00;6_7_0;400.00;13.97;1841.00;1.00;6_7_0;5.10;0.00;tripinfo_1840;32.00;1840;0;394.90;1.01;0.00;3.85;DEFAULT_VEHTYPE;;0;0.00
1874.00;6_2_2;200.00;15.25;1459.00;1.00;8_7_0;5.10;0.00;tripinfo_1458;415.00;1458;0;894.90;1.15;0.00;358.73;DEFAULT_VEHTYPE;;4;333.00
1874.00;6_5_0;300.00;14.20;1277.00;0.00;1_2_0;5.10;0.00;tripinfo_1277;597.00;1277;0;794.90;1.09;0.00;543.86;DEFAULT_VEHTYPE;;2;521.00
1875.00;3_4_1;300.00;13.51;1029.00;913.00;7_6_0;5.10;0.00;tripinfo_116;846.00;116;0;1294.90;1.02;0.00;753.89;DEFAULT_VEHTYPE;;11;627.00
1876.00;2_1_0;300.00;13.16;1330.00;1030.00;3_2_0;5.10;0.00;tripinfo_300;546.00;300;0;694.90;0.97;0.00;493.91;DEFAULT_VEHTYPE;;5;461.00
1879.00;2_6_0;200.00;5.10;1543.00;0.00;1_2_0;5.10;0.00;tripinfo_1543;336.00;1543;0;494.90;0.94;0.00;298.07;DEFAULT_VEHTYPE;;3;275.00
1879.00;2_3_2;400.00;4.88;1213.00;0.00;6_2_0;5.10;0.00;tripinfo_1213;666.00;1213;0;594.90;0.85;0.00;615.68;DEFAULT_VEHTYPE;;13;470.00
1882.00;2_1_1;300.00;12.33;1816.00;0.00;5_6_0;5.10;0.00;tripinfo_1816;66.00;1816;0;794.90;0.98;0.00;7.26;DEFAULT_VEHTYPE;;0;0.00
1892.00;3_4_1;300.00;13.32;1109.00;0.00;2_3_0;5.10;0.00;tripinfo_1109;783.00;1109;0;694.90;0.96;0.00;730.45;DEFAULT_VEHTYPE;;13;600.00
1901.00;3_4_1;300.00;13.53;1132.00;0.00;6_2_0;5.10;0.00;tripinfo_1132;769.00;1132;0;894.90;1.02;0.00;706.03;DEFAULT_VEHTYPE;;12;556.00
1901.00;2_1_0;300.00;13.93;1338.00;1004.00;3_2_0;5.10;0.00;tripinfo_334;563.00;334;0;694.90;1.01;0.00;512.74;DEFAULT_VEHTYPE;;6;470.00
1901.00;2_6_0;200.00;4.57;1806.00;531.00;2_6_0;5.10;0.00;tripinfo_1275;95.00;1275;0;194.90;0.87;0.00;78.89;DEFAULT_VEHTYPE;;3;60.00
1902.00;7_8_0;300.00;14.61;1830.00;4.00;5_6_0;5.10;0.00;tripinfo_1826;72.00;1826;0;994.90;1.09;0.00;6.17;DEFAULT_VEHTYPE;;0;0.00
1902.00;6_5_0;300.00;12.28;1397.00;0.00;1_2_0;5.10;0.00;tripinfo_1397;505.00;1397;0;794.90;0.97;0.00;445.39;DEFAULT_VEHTYPE;;3;425.00
1904.00;2_6_0;200.00;6.90;1812.00;461.00;2_6_0;5.10;0.00;tripinfo_1351;92.00;1351;0;194.90;1.03;0.00;78.28;DEFAULT_VEHTYPE;;1;63.00
1905.00;2_1_2;300.00;13.16;1865.00;0.00;6_2_0;5.10;0.00;tripinfo_1865;40.00;1865;0;494.90;1.01;0.00;4.71;DEFAULT_VEHTYPE;;0;0.00
1906.00;2_1_0;300.00;10.39;278.00;0.00;2_6_0;5.10;0.00;tripinfo_278;1628.00;278;0;1494.90;0.83;0.00;1518.89;DEFAULT_VEHTYPE;;14;1438.00
1907.00;6_7_0;400.00;11.73;1871.00;0.00;6_7_0;5.10;0.00;tripinfo_1871;36.00;1871;0;394.90;0.92;0.00;4.30;DEFAULT_VEHTYPE;;0;0.00
1913.00;6_7_0;400.00;14.63;916.00;0.00;2_6_0;5.10;0.00;tripinfo_916;997.00;916;0;594.90;1.07;0.00;956.40;DEFAULT_VEHTYPE;;12;874.00
1913.00;2_3_0;400.00;4.95;587.00;0.00;8_7_0;5.10;0.00;tripinfo_587;1326.00;587;0;1294.90;0.77;0.00;1204.88;DEFAULT_VEHTYPE;;16;1086.00
1914.00;3_2_0;400.00;5.71;1345.00;981.00;3_2_0;5.10;0.00;tripinfo_364;569.00;364;0;394.90;0.99;0.00;540.05;DEFAULT_VEHTYPE;;8;492.00
1914.00;2_3_2;400.00;6.46;944.00;0.00;1_2_0;5.10;0.00;tripinfo_944;970.00;944;0;694.90;0.98;0.00;918.42;DEFAULT_VEHTYPE;;22;709.00
1916.00;3_2_0;400.00;7.63;1350.00;939.00;3_2_0;5.10;0.00;tripinfo_411;566.00;411;0;394.90;1.13;0.00;540.75;DEFAULT_VEHTYPE;;8;488.00
1919.00;7_3_0;200.00;5.61;1448.00;0.00;8_7_0;5.10;0.00;tripinfo_1448;471.00;1448;0;494.90;1.22;0.00;441.76;DEFAULT_VEHTYPE;;2;421.00
1920.00;3_4_1;300.00;17.31;1244.00;0.00;2_3_0;5.10;0.00;tripinfo_1244;676.00;1244;0;694.90;1.26;0.00;635.55;DEFAULT_VEHTYPE;;14;470.00
1920.00;6_5_0;300.00;15.62;1705.00;0.00;1_2_0;5.10;0.00;tripinfo_1705;215.00;1705;0;794.90;1.18;0.00;165.83;DEFAULT_VEHTYPE;;4;131.00
1922.00;6_7_0;400.00;14.57;1869.00;0.00;5_6_0;5.10;0.00;tripinfo_1869;53.00;1869;0;694.90;1.07;0.00;5.45;DEFAULT_VEHTYPE;;0;0.00
1925.00;2_3_2;400.00;5.09;1254.00;0.00;5_6_0;5.10;0.00;tripinfo_1254;671.00;1254;0;894.90;1.05;0.00;609.51;DEFAULT_VEHTYPE;;16;417.00
1927.00;6_7_0;400.00;13.46;579.00;0.00;1_2_0;5.10;0.00;tripinfo_579;1348.00;579;0;894.90;0.99;0.00;1282.37;DEFAULT_VEHTYPE;;18;1116.00
1928.00;7_8_0;300.00;15.26;1853.00;0.00;5_6_0;5.10;0.00;tripinfo_1853;75.00;1853;0;994.90;1.13;0.00;11.16;DEFAULT_VEHTYPE;;0;0.00
1935.00;2_1_0;300.00;13.48;1342.00;999.00;3_2_0;5.10;0.00;tripinfo_343;593.00;343;0;694.90;0.98;0.00;541.96;DEFAULT_VEHTYPE;;7;495.00
1937.00;6_5_1;300.00;11.67;484.00;0.00;4_3_0;5.10;0.00;tripinfo_484;1453.00;484;0;1194.90;0.92;0.00;1359.41;DEFAULT_VEHTYPE;;20;1199.00
1937.00;3_4_1;300.00;12.26;881.00;0.00;1_2_0;5.10;0.00;tripinfo_881;1056.00;881;0;994.90;0.93;0.00;978.44;DEFAULT_VEHTYPE;;19;784.00
1941.00;3_4_0;300.00;12.62;1344.00;0.00;8_7_0;5.10;0.00;tripinfo_1344;597.00;1344;0;794.90;1.00;0.00;539.15;DEFAULT_VEHTYPE;;2;523.00
1942.00;6_7_0;400.00;14.93;208.00;1.00;8_7_0;5.10;0.00;tripinfo_207;1734.00;207;0;1494.90;1.08;0.00;1633.24;DEFAULT_VEHTYPE;;26;1420.00
1952.00;7_8_0;300.00;15.17;537.00;0.00;1_2_0;5.10;0.00;tripinfo_537;1415.00;537;0;1194.90;1.11;0.00;1336.61;DEFAULT_VEHTYPE;;19;1168.00
1955.00;3_4_0;300.00;9.42;1300.00;0.00;2_3_0;5.10;0.00;tripinfo_1300;655.00;1300;0;694.90;0.74;0.00;587.49;DEFAULT_VEHTYPE;;16;426.00
1955.00;6_7_0;400.00;12.91;960.00;0.00;2_6_0;5.10;0.00;tripinfo_960;995.00;960;0;594.90;0.95;0.00;949.61;DEFAULT_VEHTYPE;;12;858.00
1968.00;2_1_2;300.00;12.92;275.00;0.00;2_3_0;5.10;0.00;tripinfo_275;1693.00;275;0;1494.90;1.00;0.00;1585.44;DEFAULT_VEHTYPE;;26;1372.00
1968.00;6_5_0;300.00;13.09;193.00;2.00;5_6_0;5.10;0.00;tripinfo_191;1775.00;191;0;1794.90;0.96;0.00;1639.84;DEFAULT_VEHTYPE;;28;1415.00
1979.00;6_5_0;300.00;13.18;332.00;0.00;5_6_0;5.10;0.00;tripinfo_332;1647.00;332;0;1794.90;0.96;0.00;1512.74;DEFAULT_VEHTYPE;;29;1262.00
1982.00;6_7_0;400.00;11.80;1947.00;0.00;6_7_0;5.10;0.00;tripinfo_1947;35.00;1947;0;394.90;0.93;0.00;4.11;DEFAULT_VEHTYPE;;0;0.00
1994.00;2_6_2;200.00;5.98;625.00;0.00;8_7_0;5.10;0.00;tripinfo_625;1369.00;625;0;1094.90;1.06;0.00;1308.26;DEFAULT_VEHTYPE;;18;1149.00
1996.00;2_6_2;200.00;7.99;559.00;1.00;4_3_0;5.10;0.00;tripinfo_558;1437.00;558;0;894.90;1.06;0.00;1376.16;DEFAULT_VEHTYPE;;20;1192.00
2000.00;6_7_0;400.00;13.28;1967.00;0.00;6_7_0;5.10;0.00;tripinfo_1967;33.00;1967;0;394.90;1.02;0.00;4.49;DEFAULT_VEHTYPE;;0;0.00
2003.00;2_1_1;300.00;11.08;252.00;0.00;2_3_0;5.10;0.00;tripinfo_252;1751.00;252;0;1494.90;0.87;0.00;1627.02;DEFAULT_VEHTYPE;;29;1389.00
2003.00;2_1_2;300.00;13.53;1930.00;0.00;5_6_0;5.10;0.00;tripinfo_1930;73.00;1930;0;794.90;1.00;0.00;15.45;DEFAULT_VEHTYPE;;1;2.00
2003.00;6_7_0;400.00;13.05;1970.00;0.00;6_7_0;5.10;0.00;tripinfo_1970;33.00;1970;0;394.90;0.97;0.00;3.81;DEFAULT_VEHTYPE;;0;0.00
2005.00;2_3_0;400.00;4.77;661.00;0.00;5_6_0;5.10;0.00;tripinfo_661;1344.00;661;0;894.90;0.92;0.00;1273.76;DEFAULT_VEHTYPE;;17;1139.00
2006.00;7_8_0;300.00;11.54;1941.00;0.00;6_7_0;5.10;0.00;tripinfo_1941;65.00;1941;0;694.90;0.85;0.00;5.75;DEFAULT_VEHTYPE;;0;0.00
2006.00;3_7_0;200.00;5.79;416.00;0.00;2_3_0;5.10;0.00;tripinfo_416;1590.00;416;0;594.90;0.94;0.00;1543.87;DEFAULT_VEHTYPE;;29;1286.00
2012.00;2_1_0;300.00;15.66;1354.00;883.00;3_2_0;5.10;0.00;tripinfo_471;658.00;471;0;694.90;1.14;0.00;613.94;DEFAULT_VEHTYPE;;7;549.00
2029.00;3_4_0;300.00;12.32;1259.00;0.00;5_6_0;5.10;0.00;tripinfo_1259;770.00;1259;0;1194.90;0.94;0.00;677.61;DEFAULT_VEHTYPE;;16;481.00
2032.00;6_7_0;400.00;9.31;336.00;0.00;4_3_0;5.10;0.00;tripinfo_336;1696.00;336;0;1294.90;0.75;0.00;1571.77;DEFAULT_VEHTYPE;;22;1400.00
2040.00;3_2_0;400.00;5.86;1369.00;791.00;3_2_0;5.10;0.00;tripinfo_578;671.00;578;0;394.90;0.98;0.00;641.74;DEFAULT_VEHTYPE;;8;564.00
2059.00;2_1_0;300.00;12.90;1358.00;846.00;3_2_0;5.10;0.00;tripinfo_512;701.00;512;0;694.90;1.02;0.00;651.08;DEFAULT_VEHTYPE;;9;582.00
2060.00;7_8_0;300.00;13.43;2003.00;0.00;6_7_0;5.10;0.00;tripinfo_2003;57.00;2003;0;694.90;0.98;0.00;5.50;DEFAULT_VEHTYPE;;0;0.00
2063.00;2_1_0;300.00;12.63;1362.00;844.00;3_2_0;5.10;0.00;tripinfo_518;701.00;518;0;694.90;0.95;0.00;647.92;DEFAULT_VEHTYPE;;8;574.00
2063.00;7_6_0;400.00;15.43;301.00;0.00;6_2_0;5.10;0.00;tripinfo_301;1762.00;301;0;1194.90;1.15;0.00;1686.73;DEFAULT_VEHTYPE;;34;1393.00
2065.00;7_6_0;400.00;14.10;161.00;0.00;1_2_0;5.10;0.00;tripinfo_161;1904.00;161;0;1294.90;1.02;0.00;1812.54;DEFAULT_VEHTYPE;;33;1488.00
2067.00;6_5_1;300.00;13.25;376.00;0.00;5_6_0;5.10;0.00;tripinfo_376;1691.00;376;0;1794.90;0.97;0.00;1556.65;DEFAULT_VEHTYPE;;29;1270.00
2071.00;3_2_0;400.00;4.71;1390.00;700.00;3_2_0;5.10;0.00;tripinfo_690;681.00;690;0;394.90;0.85;0.00;647.49;DEFAULT_VEHTYPE;;9;563.00
2071.00;2_3_2;400.00;6.43;1317.00;1.00;2_3_0;5.10;0.00;tripinfo_1316;754.00;1316;0;394.90;0.95;0.00;723.64;DEFAULT_VEHTYPE;;17;527.00
2074.00;2_3_0;400.00;8.33;684.00;1.00;8_7_0;5.10;0.00;tripinfo_683;1390.00;683;0;1294.90;1.02;0.00;1297.88;DEFAULT_VEHTYPE;;20;1116.00
2077.00;6_2_2;200.00;7.74;263.00;0.00;2_3_0;5.10;0.00;tripinfo_263;1814.00;263;0;1194.90;0.97;0.00;1725.25;DEFAULT_VEHTYPE;;32;1454.00
2083.00;2_1_1;300.00;11.61;2006.00;1884.00;7_6_0;5.10;0.00;tripinfo_122;77.00;122;0;894.90;0.92;0.00;6.65;DEFAULT_VEHTYPE;;0;0.00
2085.00;2_1_2;300.00;13.04;2012.00;0.00;5_6_0;5.10;0.00;tripinfo_2012;73.00;2012;0;794.90;1.02;0.00;16.31;DEFAULT_VEHTYPE;;1;3.00
2086.00;2_1_2;300.00;13.64;2019.00;1.00;5_6_0;5.10;0.00;tripinfo_2018;67.00;2018;0;794.90;1.07;0.00;13.33;DEFAULT_VEHTYPE;;0;0.00
2087.00;6_5_0;300.00;12.08;519.00;0.00;4_3_0;5.10;0.00;tripinfo_519;1568.00;519;0;1194.90;0.96;0.00;1478.31;DEFAULT_VEHTYPE;;25;1270.00
2093.00;3_4_1;300.00;13.50;1261.00;0.00;5_6_0;5.10;0.00;tripinfo_1261;832.00;1261;0;1194.90;0.99;0.00;745.15;DEFAULT_VEHTYPE;;17;535.00
2093.00;2_1_0;300.00;13.96;1377.00;771.00;3_2_0;5.10;0.00;tripinfo_606;716.00;606;0;694.90;1.02;0.00;666.33;DEFAULT_VEHTYPE;;10;580.00
2095.00;3_2_0;400.00;5.37;1412.00;632.00;3_2_0;5.10;0.00;tripinfo_780;683.00;780;0;394.90;1.06;0.00;656.10;DEFAULT_VEHTYPE;;11;554.00
2098.00;2_1_2;300.00;14.15;2024.00;0.00;5_6_0;5.10;0.00;tripinfo_2024;74.00;2024;0;794.90;1.02;0.00;17.93;DEFAULT_VEHTYPE;;1;1.00
2099.00;2_1_0;300.00;11.73;2017.00;0.00;5_6_0;5.10;0.00;tripinfo_2017;82.00;2017;0;794.90;0.91;0.00;18.72;DEFAULT_VEHTYPE;;2;4.00
2106.00;7_6_0;400.00;12.60;1203.00;0.00;4_3_0;5.10;0.00;tripinfo_1203;903.00;1203;0;894.90;0.91;0.00;831.84;DEFAULT_VEHTYPE;;5;791.00
2113.00;3_2_0;400.00;5.62;1434.00;537.00;3_2_0;5.10;0.00;tripinfo_897;679.00;897;0;394.90;0.99;0.00;650.10;DEFAULT_VEHTYPE;;11;539.00
2113.00;3_2_2;400.00;4.59;1365.00;835.00;3_2_0;5.10;0.00;tripinfo_530;748.00;530;0;394.90;0.97;0.00;718.62;DEFAULT_VEHTYPE;;18;628.00
2115.00;3_2_0;400.00;7.10;1443.00;526.00;3_2_0;5.10;0.00;tripinfo_917;672.00;917;0;394.90;1.11;0.00;646.36;DEFAULT_VEHTYPE;;11;527.00
2116.00;2_1_0;300.00;13.76;1406.00;654.00;3_2_0;5.10;0.00;tripinfo_752;710.00;752;0;694.90;1.06;0.00;662.65;DEFAULT_VEHTYPE;;10;563.00
2116.00;3_2_2;400.00;7.66;1374.00;790.00;3_2_0;5.10;0.00;tripinfo_584;742.00;584;0;394.90;1.08;0.00;715.40;DEFAULT_VEHTYPE;;18;616.00
2120.00;6_2_2;200.00;12.96;456.00;0.00;2_3_0;5.10;0.00;tripinfo_456;1664.00;456;0;1194.90;0.96;0.00;1574.19;DEFAULT_VEHTYPE;;31;1281.00
2123.00;7_6_2;400.00;13.93;365.00;0.00;6_2_0;5.10;0.00;tripinfo_365;1758.00;365;0;1194.90;1.08;0.00;1677.69;DEFAULT_VEHTYPE;;39;1354.00
2126.00;2_1_2;300.00;15.11;2088.00;0.00;6_2_0;5.10;0.00;tripinfo_2088;38.00;2088;0;494.90;1.12;0.00;5.41;DEFAULT_VEHTYPE;;0;0.00
2134.00;2_1_0;300.00;13.38;1427.00;568.00;3_2_0;5.10;0.00;tripinfo_859;707.00;859;0;694.90;1.02;0.00;657.85;DEFAULT_VEHTYPE;;11;549.00
2137.00;2_1_2;300.00;14.20;2100.00;0.00;6_2_0;5.10;0.00;tripinfo_2100;37.00;2100;0;494.90;1.10;0.00;4.42;DEFAULT_VEHTYPE;;0;0.00
2142.00;6_5_0;300.00;13.03;366.00;0.00;2_3_0;5.10;0.00;tripinfo_366;1776.00;366;0;1294.90;0.95;0.00;1676.80;DEFAULT_VEHTYPE;;35;1372.00
2142.00;6_2_0;200.00;4.67;1842.00;0.00;6_2_0;5.10;0.00;tripinfo_1842;300.00;1842;0;194.90;0.92;0.00;284.40;DEFAULT_VEHTYPE;;7;177.00
2143.00;7_6_0;400.00;13.12;1313.00;0.00;4_3_0;5.10;0.00;tripinfo_1313;830.00;1313;0;894.90;0.98;0.00;763.78;DEFAULT_VEHTYPE;;6;720.00
2146.00;6_5_0;300.00;11.60;1253.00;2.00;4_3_0;5.10;0.00;tripinfo_1251;893.00;1251;0;1194.90;0.89;0.00;796.28;DEFAULT_VEHTYPE;;6;759.00
2149.00;6_2_0;200.00;4.75;260.00;0.00;2_3_0;5.10;0.00;tripinfo_260;1889.00;260;0;1194.90;1.02;0.00;1804.54;DEFAULT_VEHTYPE;;32;1496.00
2155.00;3_2_0;400.00;6.44;1454.00;514.00;3_2_0;5.10;0.00;tripinfo_940;701.00;940;0;394.90;1.00;0.00;672.21;DEFAULT_VEHTYPE;;12;540.00
2156.00;2_1_2;300.00;15.35;506.00;0.00;2_3_0;5.10;0.00;tripinfo_506;1650.00;506;0;1494.90;1.12;0.00;1553.42;DEFAULT_VEHTYPE;;31;1282.00
2157.00;3_2_0;400.00;6.21;1469.00;434.00;3_2_0;5.10;0.00;tripinfo_1035;688.00;1035;0;394.90;0.95;0.00;657.93;DEFAULT_VEHTYPE;;12;521.00
2159.00;3_2_0;400.00;8.52;1476.00;396.00;3_2_0;5.10;0.00;tripinfo_1080;683.00;1080;0;394.90;0.84;0.00;649.25;DEFAULT_VEHTYPE;;13;514.00
2161.00;2_3_2;400.00;5.08;973.00;0.00;1_2_0;5.10;0.00;tripinfo_973;1188.00;973;0;694.90;0.94;0.00;1134.73;DEFAULT_VEHTYPE;;26;896.00
2177.00;2_1_0;300.00;13.80;1447.00;519.00;3_2_0;5.10;0.00;tripinfo_928;730.00;928;0;694.90;1.01;0.00;679.39;DEFAULT_VEHTYPE;;12;554.00
2182.00;6_2_0;200.00;4.94;80.00;0.00;1_2_0;5.10;0.00;tripinfo_80;2102.00;80;0;1494.90;1.12;0.00;2005.56;DEFAULT_VEHTYPE;;37;1665.00
2184.00;3_4_0;300.00;12.11;1329.00;0.00;2_3_0;5.10;0.00;tripinfo_1329;855.00;1329;0;694.90;0.96;0.00;802.91;DEFAULT_VEHTYPE;;19;594.00
2191.00;2_3_2;400.00;5.99;1102.00;0.00;1_2_0;5.10;0.00;tripinfo_1102;1089.00;1102;0;694.90;1.12;0.00;1044.03;DEFAULT_VEHTYPE;;21;825.00
2191.00;2_3_0;400.00;5.44;717.00;0.00;8_7_0;5.10;0.00;tripinfo_717;1474.00;717;0;1294.90;0.93;0.00;1373.64;DEFAULT_VEHTYPE;;22;1161.00
2193.00;3_7_2;200.00;6.07;580.00;6.00;2_3_0;5.10;0.00;tripinfo_574;1613.00;574;0;594.90;1.12;0.00;1574.61;DEFAULT_VEHTYPE;;11;1483.00
2193.00;3_7_0;200.00;5.12;521.00;0.00;2_3_0;5.10;0.00;tripinfo_521;1672.00;521;0;594.90;0.86;0.00;1622.17;DEFAULT_VEHTYPE;;30;1342.00
2194.00;2_3_2;400.00;8.00;1422.00;0.00;5_6_0;5.10;0.00;tripinfo_1422;772.00;1422;0;894.90;1.05;0.00;710.11;DEFAULT_VEHTYPE;;17;507.00
2207.00;2_3_2;400.00;6.26;1267.00;0.00;1_2_0;5.10;0.00;tripinfo_1267;940.00;1267;0;694.90;1.09;0.00;893.94;DEFAULT_VEHTYPE;;13;767.00
2210.00;6_2_2;200.00;12.20;2190.00;0.00;6_2_0;5.10;0.00;tripinfo_2190;20.00;2190;0;194.90;0.96;0.00;5.21;DEFAULT_VEHTYPE;;0;0.00
2212.00;7_8_2;300.00;16.29;572.00;0.00;2_3_0;5.10;0.00;tripinfo_572;1640.00;572;0;894.90;1.20;0.00;1585.40;DEFAULT_VEHTYPE;;11;1496.00
2213.00;3_4_1;300.00;13.75;1001.00;0.00;1_2_0;5.10;0.00;tripinfo_1001;1212.00;1001;0;994.90;1.01;0.00;1140.46;DEFAULT_VEHTYPE;;24;896.00
2217.00;3_4_0;300.00;11.05;446.00;0.00;1_2_0;5.10;0.00;tripinfo_446;1771.00;446;0;994.90;0.82;0.00;1683.81;DEFAULT_VEHTYPE;;15;1582.00
2226.00;3_4_1;300.00;16.40;1234.00;0.00;1_2_0;5.10;0.00;tripinfo_1234;992.00;1234;0;994.90;1.19;0.00;931.15;DEFAULT_VEHTYPE;;15;771.00
2237.00;2_3_0;400.00;4.84;225.00;1.00;4_3_0;5.10;0.00;tripinfo_224;2012.00;224;0;1494.90;0.92;0.00;1894.84;DEFAULT_VEHTYPE;;34;1599.00
2241.00;6_2_2;200.00;13.42;525.00;0.00;4_3_0;5.10;0.00;tripinfo_525;1716.00;525;0;1094.90;0.99;0.00;1636.08;DEFAULT_VEHTYPE;;29;1380.00
2246.00;6_2_2;200.00;12.88;2193.00;2040.00;7_6_0;5.10;0.00;tripinfo_153;53.00;153;0;594.90;1.00;0.00;9.64;DEFAULT_VEHTYPE;;0;0.00
2248.00;6_5_0;300.00;12.99;392.00;4.00;2_3_0;5.10;0.00;tripinfo_388;1856.00;388;0;1294.90;0.94;0.00;1756.20;DEFAULT_VEHTYPE;;38;1423.00
2271.00;3_2_0;400.00;5.57;1496.00;186.00;3_2_0;5.10;0.00;tripinfo_1310;775.00;1310;0;394.90;0.96;0.00;745.14;DEFAULT_VEHTYPE;;14;594.00
2274.00;3_2_0;400.00;7.16;1499.00;179.00;3_2_0;5.10;0.00;tripinfo_1320;775.00;1320;0;394.90;1.05;0.00;747.75;DEFAULT_VEHTYPE;;14;588.00
2279.00;2_1_1;300.00;12.96;541.00;0.00;2_3_0;5.10;0.00;tripinfo_541;1738.00;541;0;1494.90;0.94;0.00;1623.13;DEFAULT_VEHTYPE;;29;1346.00
2291.00;2_1_0;300.00;14.73;1492.00;211.00;3_2_0;5.10;0.00;tripinfo_1281;799.00;1281;0;694.90;1.11;0.00;753.39;DEFAULT_VEHTYPE;;13;603.00
2297.00;7_6_0;400.00;14.88;592.00;0.00;4_3_0;5.10;0.00;tripinfo_592;1705.00;592;0;894.90;1.16;0.00;1649.11;DEFAULT_VEHTYPE;;29;1391.00
2303.00;2_3_2;400.00;5.56;1416.00;0.00;1_2_0;5.10;0.00;tripinfo_1416;887.00;1416;0;694.90;1.06;0.00;839.53;DEFAULT_VEHTYPE;;13;735.00
2312.00;2_1_0;300.00;11.32;2233.00;0.00;5_6_0;5.10;0.00;tripinfo_2233;79.00;2233;0;794.90;0.82;0.00;8.85;DEFAULT_VEHTYPE;;0;0.00
2318.00;6_2_2;200.00;12.71;550.00;0.00;2_3_0;5.10;0.00;tripinfo_550;1768.00;550;0;1194.90;0.97;0.00;1678.91;DEFAULT_VEHTYPE;;29;1397.00
2323.00;2_3_2;400.00;4.98;1652.00;0.00;1_2_0;5.10;0.00;tripinfo_1652;671.00;1652;0;694.90;0.89;0.00;614.64;DEFAULT_VEHTYPE;;11;528.00
2323.00;3_7_0;200.00;6.14;380.00;0.00;1_2_0;5.10;0.00;tripinfo_380;1943.00;380;0;894.90;1.05;0.00;1881.47;DEFAULT_VEHTYPE;;34;1564.00
2324.00;3_4_1;300.00;13.65;1332.00;0.00;1_2_0;5.10;0.00;tripinfo_1332;992.00;1332;0;994.90;1.06;0.00;924.20;DEFAULT_VEHTYPE;;13;802.00
2343.00;3_2_0;400.00;6.05;1505.00;183.00;3_2_0;5.10;0.00;tripinfo_1322;838.00;1322;0;394.90;0.94;0.00;807.42;DEFAULT_VEHTYPE;;15;637.00
2344.00;3_4_1;300.00;13.56;1536.00;0.00;1_2_0;5.10;0.00;tripinfo_1536;808.00;1536;0;994.90;1.05;0.00;739.74;DEFAULT_VEHTYPE;;13;636.00
2353.00;3_2_0;400.00;5.06;719.00;0.00;4_3_0;5.10;0.00;tripinfo_719;1634.00;719;0;694.90;0.95;0.00;1581.15;DEFAULT_VEHTYPE;;20;1371.00
2355.00;3_2_0;400.00;7.71;724.00;0.00;4_3_0;5.10;0.00;tripinfo_724;1631.00;724;0;694.90;0.93;0.00;1577.00;DEFAULT_VEHTYPE;;21;1368.00
2357.00;3_2_0;400.00;8.84;421.00;0.00;7_3_0;5.10;0.00;tripinfo_421;1936.00;421;0;594.90;1.00;0.00;1893.34;DEFAULT_VEHTYPE;;36;1570.00
2363.00;2_1_0;300.00;15.75;1502.00;181.00;3_2_0;5.10;0.00;tripinfo_1321;861.00;1321;0;694.90;1.14;0.00;816.38;DEFAULT_VEHTYPE;;14;642.00
2372.00;3_4_1;300.00;14.86;1463.00;0.00;5_6_0;5.10;0.00;tripinfo_1463;909.00;1463;0;1194.90;1.15;0.00;833.25;DEFAULT_VEHTYPE;;10;735.00
2373.00;2_1_0;300.00;15.26;1509.00;172.00;3_2_0;5.10;0.00;tripinfo_1337;864.00;1337;0;694.90;1.11;0.00;818.01;DEFAULT_VEHTYPE;;17;630.00
2401.00;6_5_1;300.00;14.97;401.00;1.00;2_3_0;5.10;0.00;tripinfo_400;2000.00;400;0;1294.90;1.09;0.00;1914.13;DEFAULT_VEHTYPE;;38;1575.00
2439.00;2_3_2;400.00;4.94;1697.00;0.00;1_2_0;5.10;0.00;tripinfo_1697;742.00;1697;0;694.90;0.96;0.00;690.04;DEFAULT_VEHTYPE;;14;569.00
2445.00;3_4_1;300.00;13.89;1500.00;0.00;5_6_0;5.10;0.00;tripinfo_1500;945.00;1500;0;1194.90;1.01;0.00;859.50;DEFAULT_VEHTYPE;;11;749.00
2459.00;3_4_1;300.00;14.04;1679.00;0.00;1_2_0;5.10;0.00;tripinfo_1679;780.00;1679;0;994.90;1.10;0.00;714.50;DEFAULT_VEHTYPE;;14;600.00
2477.00;6_5_0;300.00;12.18;1402.00;0.00;4_3_0;5.10;0.00;tripinfo_1402;1075.00;1402;0;1194.90;0.96;0.00;985.12;DEFAULT_VEHTYPE;;3;957.00
2479.00;2_1_2;300.00;14.66;2417.00;0.00;5_6_0;5.10;0.00;tripinfo_2417;62.00;2417;0;794.90;1.06;0.00;7.67;DEFAULT_VEHTYPE;;0;0.00
2486.00;3_4_0;300.00;12.79;1553.00;0.00;6_2_0;5.10;0.00;tripinfo_1553;933.00;1553;0;894.90;1.00;0.00;867.67;DEFAULT_VEHTYPE;;13;735.00
2498.00;2_1_1;300.00;11.54;563.00;0.00;2_3_0;5.10;0.00;tripinfo_563;1935.00;563;0;1494.90;0.89;0.00;1814.56;DEFAULT_VEHTYPE;;29;1523.00
2500.00;2_1_2;300.00;15.50;2442.00;0.00;5_6_0;5.10;0.00;tripinfo_2442;58.00;2442;0;794.90;1.18;0.00;9.04;DEFAULT_VEHTYPE;;0;0.00
2531.00;6_2_0;200.00;4.83;2297.00;2.00;6_2_0;5.10;0.00;tripinfo_2295;234.00;2295;0;194.90;0.95;0.00;218.91;DEFAULT_VEHTYPE;;4;172.00
2559.00;6_2_2;200.00;11.17;2513.00;0.00;5_6_0;5.10;0.00;tripinfo_2513;46.00;2513;0;494.90;0.88;0.00;5.27;DEFAULT_VEHTYPE;;0;0.00
2618.00;6_2_2;200.00;13.19;2576.00;0.00;5_6_0;5.10;0.00;tripinfo_2576;42.00;2576;0;494.90;1.03;0.00;7.27;DEFAULT_VEHTYPE;;0;0.00
2624.00;2_1_1;300.00;10.71;2577.00;0.00;6_2_0;5.10;0.00;tripinfo_2577;47.00;2577;0;494.90;0.85;0.00;4.58;DEFAULT_VEHTYPE;;0;0.00
2627.00;2_1_2;300.00;12.58;2561.00;0.00;5_6_0;5.10;0.00;tripinfo_2561;66.00;2561;0;794.90;0.97;0.00;6.56;DEFAULT_VEHTYPE;;0;0.00
2635.00;3_4_0;300.00;11.80;486.00;360.00;3_7_0;5.10;0.00;tripinfo_126;2149.00;126;0;1494.90;0.91;0.00;2029.78;DEFAULT_VEHTYPE;;26;1790.00
2671.00;2_3_2;400.00;5.27;1767.00;0.00;6_2_0;5.10;0.00;tripinfo_1767;904.00;1767;0;594.90;0.84;0.00;853.15;DEFAULT_VEHTYPE;;14;727.00
2674.00;2_1_2;300.00;13.51;2633.00;0.00;6_2_0;5.10;0.00;tripinfo_2633;41.00;2633;0;494.90;1.00;0.00;4.42;DEFAULT_VEHTYPE;;0;0.00
2691.00;3_4_1;300.00;14.82;1662.00;0.00;5_6_0;5.10;0.00;tripinfo_1662;1029.00;1662;0;1194.90;1.15;0.00;953.39;DEFAULT_VEHTYPE;;14;825.00
2695.00;6_2_2;200.00;13.23;2654.00;0.00;5_6_0;5.10;0.00;tripinfo_2654;41.00;2654;0;494.90;1.03;0.00;6.24;DEFAULT_VEHTYPE;;0;0.00
2699.00;6_2_2;200.00;13.78;2658.00;0.00;5_6_0;5.10;0.00;tripinfo_2658;41.00;2658;0;494.90;1.04;0.00;6.29;DEFAULT_VEHTYPE;;0;0.00
2725.00;3_2_0;400.00;5.40;786.00;0.00;4_3_0;5.10;0.00;tripinfo_786;1939.00;786;0;694.90;0.96;0.00;1886.70;DEFAULT_VEHTYPE;;22;1689.00
2727.00;3_2_0;400.00;7.43;837.00;0.00;4_3_0;5.10;0.00;tripinfo_837;1890.00;837;0;694.90;1.10;0.00;1844.48;DEFAULT_VEHTYPE;;22;1632.00
2729.00;3_2_0;400.00;9.64;151.00;0.00;1_2_0;5.10;0.00;tripinfo_151;2578.00;151;0;1494.90;0.92;0.00;2461.01;DEFAULT_VEHTYPE;;40;2113.00
2731.00;3_2_0;400.00;10.15;861.00;0.00;4_3_0;5.10;0.00;tripinfo_861;1870.00;861;0;694.90;1.18;0.00;1827.32;DEFAULT_VEHTYPE;;24;1599.00
2733.00;3_2_0;400.00;13.36;1015.00;0.00;4_3_0;5.10;0.00;tripinfo_1015;1718.00;1015;0;694.90;1.01;0.00;1667.67;DEFAULT_VEHTYPE;;23;1451.00
2745.00;3_4_1;300.00;15.27;1776.00;0.00;6_2_0;5.10;0.00;tripinfo_1776;969.00;1776;0;894.90;1.14;0.00;912.34;DEFAULT_VEHTYPE;;15;765.00
2749.00;2_1_0;300.00;12.32;479.00;1.00;8_7_0;5.10;0.00;tripinfo_478;2270.00;478;0;1194.90;0.91;0.00;2174.83;DEFAULT_VEHTYPE;;31;1871.00
2793.00;2_1_2;300.00;14.42;2732.00;0.00;5_6_0;5.10;0.00;tripinfo_2732;61.00;2732;0;794.90;1.07;0.00;6.65;DEFAULT_VEHTYPE;;0;0.00
2811.00;7_6_0;400.00;13.09;523.00;0.00;5_6_0;5.10;0.00;tripinfo_523;2288.00;523;0;1494.90;1.01;0.00;2181.86;DEFAULT_VEHTYPE;;33;1879.00
2811.00;7_6_1;400.00;14.55;1399.00;0.00;4_3_0;5.10;0.00;tripinfo_1399;1412.00;1399;0;894.90;1.07;0.00;1351.46;DEFAULT_VEHTYPE;;6;1307.00
2811.00;2_1_2;300.00;13.95;2771.00;1.00;6_2_0;5.10;0.00;tripinfo_2770;40.00;2770;0;494.90;1.03;0.00;4.57;DEFAULT_VEHTYPE;;0;0.00
2820.00;6_2_2;200.00;14.27;2779.00;0.00;5_6_0;5.10;0.00;tripinfo_2779;41.00;2779;0;494.90;1.07;0.00;7.05;DEFAULT_VEHTYPE;;0;0.00
2823.00;2_1_0;300.00;13.42;1037.00;0.00;4_3_0;5.10;0.00;tripinfo_1037;1786.00;1037;0;994.90;1.03;0.00;1715.64;DEFAULT_VEHTYPE;;22;1475.00
2844.00;7_8_1;300.00;12.81;2188.00;601.00;4_3_0;5.10;0.00;tripinfo_1587;656.00;1587;0;794.90;0.93;0.00;594.25;DEFAULT_VEHTYPE;;4;562.00
2857.00;2_3_0;400.00;6.14;933.00;0.00;8_7_0;5.10;0.00;tripinfo_933;1924.00;933;0;1294.90;1.08;0.00;1837.52;DEFAULT_VEHTYPE;;32;1545.00
2865.00;6_2_2;200.00;14.89;138.00;0.00;1_2_0;5.10;0.00;tripinfo_138;2727.00;138;0;1494.90;1.07;0.00;2626.27;DEFAULT_VEHTYPE;;39;2241.00
2875.00;6_5_0;300.00;12.79;1550.00;1.00;4_3_0;5.10;0.00;tripinfo_1549;1325.00;1549;0;1194.90;0.96;0.00;1235.10;DEFAULT_VEHTYPE;;5;1196.00
2875.00;6_5_1;300.00;11.70;583.00;6.00;2_3_0;5.10;0.00;tripinfo_577;2292.00;577;0;1294.90;0.89;0.00;2186.32;DEFAULT_VEHTYPE;;34;1890.00
2885.00;6_2_0;200.00;4.00;2372.00;0.00;6_2_0;5.10;0.00;tripinfo_2372;513.00;2372;0;194.90;0.99;0.00;498.63;DEFAULT_VEHTYPE;;3;459.00
2949.00;2_1_1;300.00;12.03;2904.00;2.00;6_2_0;5.10;0.00;tripinfo_2902;45.00;2902;0;494.90;0.92;0.00;5.35;DEFAULT_VEHTYPE;;0;0.00
2965.00;3_4_1;300.00;14.24;511.00;353.00;3_7_0;5.10;0.00;tripinfo_158;2454.00;158;0;1494.90;1.03;0.00;2348.85;DEFAULT_VEHTYPE;;33;2083.00
2991.00;3_7_0;200.00;4.56;564.00;0.00;8_7_0;5.10;0.00;tripinfo_564;2427.00;564;0;1494.90;0.93;0.00;2310.89;DEFAULT_VEHTYPE;;29;2012.00
2994.00;3_7_0;200.00;8.42;600.00;0.00;5_6_0;5.10;0.00;tripinfo_600;2394.00;600;0;1094.90;0.87;0.00;2303.07;DEFAULT_VEHTYPE;;30;2004.00
3002.00;3_4_1;300.00;13.18;1823.00;0.00;5_6_0;5.10;0.00;tripinfo_1823;1179.00;1823;0;1194.90;1.02;0.00;1094.55;DEFAULT_VEHTYPE;;17;933.00
3003.00;2_1_0;300.00;13.65;1047.00;0.00;4_3_0;5.10;0.00;tripinfo_1047;1956.00;1047;0;994.90;1.00;0.00;1883.88;DEFAULT_VEHTYPE;;24;1654.00
3007.00;3_4_2;300.00;15.56;299.00;0.00;4_3_0;5.10;0.00;tripinfo_299;2708.00;299;0;1794.90;1.14;0.00;2593.92;DEFAULT_VEHTYPE;;40;2253.00
3009.00;2_1_0;300.00;13.99;785.00;0.00;8_7_0;5.10;0.00;tripinfo_785;2224.00;785;0;1194.90;1.02;0.00;2135.70;DEFAULT_VEHTYPE;;17;1919.00
3012.00;7_8_1;300.00;12.98;2191.00;1959.00;3_7_0;5.10;0.00;tripinfo_232;821.00;232;0;494.90;1.03;0.00;786.09;DEFAULT_VEHTYPE;;5;745.00
3021.00;2_3_0;400.00;5.11;876.00;0.00;1_2_0;5.10;0.00;tripinfo_876;2145.00;876;0;694.90;0.79;0.00;2081.36;DEFAULT_VEHTYPE;;32;1772.00
3023.00;7_6_0;400.00;11.73;1545.00;0.00;4_3_0;5.10;0.00;tripinfo_1545;1478.00;1545;0;894.90;0.96;0.00;1409.81;DEFAULT_VEHTYPE;;10;1359.00
3024.00;2_3_0;400.00;8.97;1036.00;0.00;2_3_0;5.10;0.00;tripinfo_1036;1988.00;1036;0;394.90;0.92;0.00;1956.46;DEFAULT_VEHTYPE;;29;1644.00
3026.00;2_3_0;400.00;9.30;1066.00;0.00;2_3_0;5.10;0.00;tripinfo_1066;1960.00;1066;0;394.90;0.76;0.00;1921.97;DEFAULT_VEHTYPE;;31;1611.00
3028.00;2_3_0;400.00;10.17;1067.00;0.00;6_2_0;5.10;0.00;tripinfo_1067;1961.00;1067;0;594.90;0.90;0.00;1912.88;DEFAULT_VEHTYPE;;30;1582.00
3045.00;3_4_0;300.00;11.99;308.00;0.00;4_3_0;5.10;0.00;tripinfo_308;2737.00;308;0;1794.90;0.88;0.00;2590.70;DEFAULT_VEHTYPE;;41;2242.00
3054.00;3_4_1;300.00;12.96;1907.00;0.00;5_6_0;5.10;0.00;tripinfo_1907;1147.00;1907;0;1194.90;0.97;0.00;1058.20;DEFAULT_VEHTYPE;;19;879.00
3062.00;2_1_2;300.00;14.26;2994.00;2826.00;7_6_0;5.10;0.00;tripinfo_168;68.00;168;0;894.90;1.03;0.00;4.77;DEFAULT_VEHTYPE;;0;0.00
3087.00;7_8_0;300.00;13.71;2209.00;559.00;4_3_0;5.10;0.00;tripinfo_1650;878.00;1650;0;794.90;1.01;0.00;821.40;DEFAULT_VEHTYPE;;5;774.00
3087.00;3_4_1;300.00;13.28;1982.00;0.00;6_2_0;5.10;0.00;tripinfo_1982;1105.00;1982;0;894.90;1.02;0.00;1040.91;DEFAULT_VEHTYPE;;21;853.00
3093.00;3_7_2;200.00;5.04;700.00;0.00;2_3_0;5.10;0.00;tripinfo_700;2393.00;700;0;594.90;0.98;0.00;2349.18;DEFAULT_VEHTYPE;;14;2228.00
3093.00;3_7_0;200.00;4.85;448.00;3.00;2_3_0;5.10;0.00;tripinfo_445;2645.00;445;0;594.90;1.11;0.00;2606.24;DEFAULT_VEHTYPE;;27;2310.00
3099.00;7_6_0;400.00;11.71;688.00;0.00;4_3_0;5.10;0.00;tripinfo_688;2411.00;688;0;894.90;0.86;0.00;2335.71;DEFAULT_VEHTYPE;;35;2068.00
3101.00;3_7_0;200.00;5.01;711.00;0.00;2_3_0;5.10;0.00;tripinfo_711;2390.00;711;0;594.90;0.90;0.00;2342.35;DEFAULT_VEHTYPE;;31;2026.00
3110.00;2_1_2;300.00;15.01;3073.00;0.00;6_2_0;5.10;0.00;tripinfo_3073;37.00;3073;0;494.90;1.13;0.00;4.57;DEFAULT_VEHTYPE;;0;0.00
3118.00;7_8_0;300.00;11.76;2237.00;1997.00;3_7_0;5.10;0.00;tripinfo_240;881.00;240;0;494.90;0.89;0.00;840.71;DEFAULT_VEHTYPE;;6;793.00
3123.00;7_6_1;400.00;12.78;621.00;0.00;6_2_0;5.10;0.00;tripinfo_621;2502.00;621;0;1194.90;0.98;0.00;2414.00;DEFAULT_VEHTYPE;;33;2107.00
3129.00;3_2_0;400.00;5.73;1126.00;0.00;4_3_0;5.10;0.00;tripinfo_1126;2003.00;1126;0;694.90;0.88;0.00;1945.74;DEFAULT_VEHTYPE;;26;1685.00
3131.00;7_6_0;400.00;13.61;686.00;0.00;2_3_0;5.10;0.00;tripinfo_686;2445.00;686;0;994.90;0.99;0.00;2372.01;DEFAULT_VEHTYPE;;31;2068.00
3132.00;3_2_0;400.00;8.03;1233.00;0.00;4_3_0;5.10;0.00;tripinfo_1233;1899.00;1233;0;694.90;0.93;0.00;1844.70;DEFAULT_VEHTYPE;;19;1622.00
3134.00;3_2_0;400.00;10.15;1250.00;0.00;4_3_0;5.10;0.00;tripinfo_1250;1884.00;1250;0;694.90;0.90;0.00;1828.15;DEFAULT_VEHTYPE;;19;1597.00
3141.00;2_3_0;400.00;5.74;1120.00;0.00;2_3_0;5.10;0.00;tripinfo_1120;2021.00;1120;0;394.90;1.05;0.00;1993.67;DEFAULT_VEHTYPE;;33;1663.00
3142.00;6_5_0;300.00;8.40;652.00;4.00;2_3_0;5.10;0.00;tripinfo_648;2490.00;648;0;1294.90;0.69;0.00;2354.77;DEFAULT_VEHTYPE;;31;2061.00
3143.00;2_3_0;400.00;8.49;1081.00;0.00;5_6_0;5.10;0.00;tripinfo_1081;2062.00;1081;0;894.90;0.79;0.00;1979.61;DEFAULT_VEHTYPE;;29;1634.00
3158.00;2_1_0;300.00;9.53;1117.00;0.00;4_3_0;5.10;0.00;tripinfo_1117;2041.00;1117;0;994.90;0.77;0.00;1946.80;DEFAULT_VEHTYPE;;25;1705.00
3160.00;3_2_0;400.00;6.36;1299.00;2.00;4_3_0;5.10;0.00;tripinfo_1297;1861.00;1297;0;694.90;1.05;0.00;1813.42;DEFAULT_VEHTYPE;;19;1599.00
3161.00;7_6_2;400.00;12.15;698.00;1.00;4_3_0;5.10;0.00;tripinfo_697;2463.00;697;0;894.90;0.90;0.00;2391.09;DEFAULT_VEHTYPE;;35;2097.00
3161.00;2_3_0;400.00;7.74;1157.00;0.00;2_3_0;5.10;0.00;tripinfo_1157;2004.00;1157;0;394.90;0.95;0.00;1973.51;DEFAULT_VEHTYPE;;29;1607.00
3170.00;7_6_0;400.00;13.05;717.00;4.00;2_3_0;5.10;0.00;tripinfo_713;2453.00;713;0;994.90;1.00;0.00;2381.49;DEFAULT_VEHTYPE;;33;2054.00
3177.00;2_1_0;300.00;14.74;1282.00;0.00;4_3_0;5.10;0.00;tripinfo_1282;1895.00;1282;0;994.90;1.09;0.00;1828.91;DEFAULT_VEHTYPE;;22;1576.00
3178.00;3_4_1;300.00;14.39;1995.00;0.00;6_2_0;5.10;0.00;tripinfo_1995;1183.00;1995;0;894.90;1.08;0.00;1122.55;DEFAULT_VEHTYPE;;22;924.00
3182.00;6_5_0;300.00;13.57;812.00;0.00;4_3_0;5.10;0.00;tripinfo_812;2370.00;812;0;1194.90;0.99;0.00;2282.19;DEFAULT_VEHTYPE;;39;1944.00
3182.00;2_1_0;300.00;13.32;1296.00;0.00;4_3_0;5.10;0.00;tripinfo_1296;1886.00;1296;0;994.90;1.00;0.00;1813.42;DEFAULT_VEHTYPE;;19;1589.00
3183.00;3_4_1;300.00;14.90;1998.00;0.00;6_2_0;5.10;0.00;tripinfo_1998;1185.00;1998;0;894.90;1.10;0.00;1126.06;DEFAULT_VEHTYPE;;23;916.00
3191.00;2_1_0;300.00;13.65;2011.00;599.00;3_2_0;5.10;0.00;tripinfo_1412;1180.00;1412;0;694.90;1.02;0.00;1130.27;DEFAULT_VEHTYPE;;17;936.00
3192.00;2_1_1;300.00;16.54;2027.00;514.00;3_2_0;5.10;0.00;tripinfo_1513;1165.00;1513;0;694.90;1.21;0.00;1123.38;DEFAULT_VEHTYPE;;14;916.00
3194.00;6_5_0;300.00;12.62;723.00;0.00;4_3_0;5.10;0.00;tripinfo_723;2471.00;723;0;1194.90;0.98;0.00;2382.86;DEFAULT_VEHTYPE;;40;2086.00
3199.00;2_3_0;400.00;6.87;465.00;347.00;3_7_0;5.10;0.00;tripinfo_118;2734.00;118;0;1194.90;1.02;0.00;2648.98;DEFAULT_VEHTYPE;;45;2171.00
3211.00;3_7_2;200.00;6.07;675.00;0.00;5_6_0;5.10;0.00;tripinfo_675;2536.00;675;0;1094.90;0.99;0.00;2456.40;DEFAULT_VEHTYPE;;16;2322.00
3226.00;3_4_0;300.00;12.20;2019.00;0.00;6_2_0;5.10;0.00;tripinfo_2019;1207.00;2019;0;894.90;0.97;0.00;1139.62;DEFAULT_VEHTYPE;;23;921.00
3242.00;6_2_0;200.00;5.65;469.00;0.00;1_2_0;5.10;0.00;tripinfo_469;2773.00;469;0;1494.90;1.11;0.00;2676.25;DEFAULT_VEHTYPE;;41;2286.00
3244.00;7_6_0;400.00;11.43;710.00;0.00;6_2_0;5.10;0.00;tripinfo_710;2534.00;710;0;1194.90;0.84;0.00;2431.67;DEFAULT_VEHTYPE;;38;2095.00
3244.00;6_2_0;200.00;7.10;809.00;0.00;4_3_0;5.10;0.00;tripinfo_809;2435.00;809;0;1094.90;1.03;0.00;2358.65;DEFAULT_VEHTYPE;;37;1984.00
3249.00;2_3_2;400.00;6.23;2050.00;0.00;6_2_0;5.10;0.00;tripinfo_2050;1199.00;2050;0;594.90;0.86;0.00;1148.83;DEFAULT_VEHTYPE;;21;926.00
3261.00;2_1_1;300.00;11.37;3215.00;0.00;6_2_0;5.10;0.00;tripinfo_3215;46.00;3215;0;494.90;0.88;0.00;4.72;DEFAULT_VEHTYPE;;0;0.00
3264.00;6_2_0;200.00;3.49;3131.00;3.00;6_2_0;5.10;0.00;tripinfo_3128;133.00;3128;0;194.90;0.91;0.00;117.57;DEFAULT_VEHTYPE;;2;73.00
3265.00;2_1_0;300.00;12.35;1257.00;0.00;4_3_0;5.10;0.00;tripinfo_1257;2008.00;1257;0;994.90;0.93;0.00;1930.56;DEFAULT_VEHTYPE;;25;1706.00
3265.00;2_3_2;400.00;4.24;547.00;368.00;3_7_0;5.10;0.00;tripinfo_179;2718.00;179;0;1194.90;1.00;0.00;2632.31;DEFAULT_VEHTYPE;;47;2174.00
3268.00;2_3_2;400.00;8.82;552.00;0.00;4_3_0;5.10;0.00;tripinfo_552;2716.00;552;0;1494.90;1.32;0.00;2634.09;DEFAULT_VEHTYPE;;54;2124.00
3270.00;6_5_0;300.00;11.03;727.00;0.00;4_3_0;5.10;0.00;tripinfo_727;2543.00;727;0;1194.90;0.86;0.00;2442.91;DEFAULT_VEHTYPE;;39;2132.00
3270.00;2_3_2;400.00;10.07;2162.00;0.00;6_2_0;5.10;0.00;tripinfo_2162;1108.00;2162;0;594.90;0.96;0.00;1062.81;DEFAULT_VEHTYPE;;13;897.00
3272.00;3_4_1;300.00;12.68;423.00;0.00;4_3_0;5.10;0.00;tripinfo_423;2849.00;423;0;1794.90;0.96;0.00;2713.74;DEFAULT_VEHTYPE;;48;2273.00
3276.00;6_5_0;300.00;13.64;942.00;0.00;4_3_0;5.10;0.00;tripinfo_942;2334.00;942;0;1194.90;1.05;0.00;2251.75;DEFAULT_VEHTYPE;;21;2056.00
3277.00;6_5_2;300.00;14.36;769.00;0.00;2_3_0;5.10;0.00;tripinfo_769;2508.00;769;0;1294.90;1.05;0.00;2418.10;DEFAULT_VEHTYPE;;35;2081.00
3287.00;3_4_1;300.00;13.32;597.00;371.00;3_7_0;5.10;0.00;tripinfo_226;2690.00;226;0;1494.90;1.03;0.00;2585.12;DEFAULT_VEHTYPE;;46;2149.00
3287.00;2_3_2;400.00;5.51;2279.00;0.00;6_2_0;5.10;0.00;tripinfo_2279;1008.00;2279;0;594.90;1.02;0.00;965.82;DEFAULT_VEHTYPE;;8;866.00
3291.00;2_1_0;300.00;14.48;1384.00;734.00;3_2_0;5.10;0.00;tripinfo_650;1907.00;650;0;694.90;1.12;0.00;1862.05;DEFAULT_VEHTYPE;;10;1779.00
3315.00;3_4_0;300.00;10.68;586.00;0.00;4_3_0;5.10;0.00;tripinfo_586;2729.00;586;0;1794.90;0.80;0.00;2565.81;DEFAULT_VEHTYPE;;35;2229.00
3315.00;2_1_2;300.00;14.83;3278.00;0.00;6_2_0;5.10;0.00;tripinfo_3278;37.00;3278;0;494.90;1.13;0.00;5.18;DEFAULT_VEHTYPE;;0;0.00
3329.00;3_4_1;300.00;13.15;2332.00;0.00;6_2_0;5.10;0.00;tripinfo_2332;997.00;2332;0;894.90;1.01;0.00;932.22;DEFAULT_VEHTYPE;;8;838.00
3337.00;7_6_0;400.00;14.13;760.00;0.00;6_2_0;5.10;0.00;tripinfo_760;2577.00;760;0;1194.90;1.05;0.00;2494.53;DEFAULT_VEHTYPE;;38;2150.00
3341.00;3_4_1;300.00;14.14;662.00;0.00;4_3_0;5.10;0.00;tripinfo_662;2679.00;662;0;1794.90;1.03;0.00;2552.86;DEFAULT_VEHTYPE;;36;2207.00
3342.00;7_6_0;400.00;11.37;771.00;0.00;4_3_0;5.10;0.00;tripinfo_771;2571.00;771;0;894.90;0.90;0.00;2499.17;DEFAULT_VEHTYPE;;39;2180.00
3342.00;3_7_2;200.00;11.23;2310.00;284.00;4_3_0;5.10;0.00;tripinfo_2026;1032.00;2026;0;494.90;0.98;0.00;995.04;DEFAULT_VEHTYPE;;2;981.00
3349.00;2_1_1;300.00;13.30;3307.00;0.00;6_2_0;5.10;0.00;tripinfo_3307;42.00;3307;0;494.90;0.98;0.00;5.04;DEFAULT_VEHTYPE;;0;0.00
3365.00;7_6_0;400.00;14.35;725.00;0.00;1_2_0;5.10;0.00;tripinfo_725;2640.00;725;0;1294.90;1.07;0.00;2551.67;DEFAULT_VEHTYPE;;39;2170.00
3380.00;3_4_1;300.00;14.10;617.00;0.00;4_3_0;5.10;0.00;tripinfo_617;2763.00;617;0;1794.90;1.04;0.00;2638.79;DEFAULT_VEHTYPE;;41;2271.00
3384.00;6_2_2;200.00;12.93;774.00;0.00;4_3_0;5.10;0.00;tripinfo_774;2610.00;774;0;1094.90;0.95;0.00;2526.80;DEFAULT_VEHTYPE;;40;2194.00
3397.00;3_7_0;200.00;5.56;818.00;0.00;2_3_0;5.10;0.00;tripinfo_818;2579.00;818;0;594.90;0.93;0.00;2532.79;DEFAULT_VEHTYPE;;39;2173.00
3415.00;2_1_0;300.00;10.40;3365.00;0.00;6_2_0;5.10;0.00;tripinfo_3365;50.00;3365;0;494.90;0.81;0.00;5.37;DEFAULT_VEHTYPE;;0;0.00
3421.00;7_8_1;300.00;11.85;732.00;1.00;2_3_0;5.10;0.00;tripinfo_731;2689.00;731;0;894.90;0.93;0.00;2619.33;DEFAULT_VEHTYPE;;17;2472.00
3425.00;2_1_1;300.00;12.81;3381.00;0.00;6_2_0;5.10;0.00;tripinfo_3381;44.00;3381;0;494.90;0.94;0.00;5.00;DEFAULT_VEHTYPE;;0;0.00
3435.00;2_3_2;400.00;6.93;2600.00;0.00;6_2_0;5.10;0.00;tripinfo_2600;835.00;2600;0;594.90;1.01;0.00;792.16;DEFAULT_VEHTYPE;;10;696.00
3435.00;2_3_0;400.00;5.58;1390.00;0.00;2_3_0;5.10;0.00;tripinfo_1390;2045.00;1390;0;394.90;1.11;0.00;2019.36;DEFAULT_VEHTYPE;;29;1612.00
3437.00;2_3_2;400.00;7.60;2991.00;2827.00;7_6_0;5.10;0.00;tripinfo_164;446.00;164;0;994.90;1.03;0.00;376.55;DEFAULT_VEHTYPE;;9;266.00
3442.00;2_1_1;300.00;11.97;3398.00;0.00;6_2_0;5.10;0.00;tripinfo_3398;44.00;3398;0;494.90;0.90;0.00;4.37;DEFAULT_VEHTYPE;;0;0.00
3444.00;6_5_0;300.00;15.07;2210.00;554.00;4_3_0;5.10;0.00;tripinfo_1656;1234.00;1656;0;1194.90;1.10;0.00;1155.64;DEFAULT_VEHTYPE;;9;1105.00
3459.00;3_4_0;300.00;11.44;2431.00;0.00;6_2_0;5.10;0.00;tripinfo_2431;1028.00;2431;0;894.90;0.91;0.00;956.89;DEFAULT_VEHTYPE;;11;846.00
3509.00;2_3_0;400.00;5.51;1382.00;0.00;5_6_0;5.10;0.00;tripinfo_1382;2127.00;1382;0;894.90;0.87;0.00;2052.45;DEFAULT_VEHTYPE;;39;1621.00
3521.00;3_7_2;200.00;4.48;3126.00;1074.00;4_3_0;5.10;0.00;tripinfo_2052;395.00;2052;0;494.90;0.84;0.00;352.56;DEFAULT_VEHTYPE;;3;323.00
3521.00;3_7_0;200.00;4.75;885.00;0.00;2_3_0;5.10;0.00;tripinfo_885;2636.00;885;0;594.90;0.98;0.00;2592.28;DEFAULT_VEHTYPE;;41;2187.00
3523.00;3_7_0;200.00;7.54;906.00;0.00;6_2_0;5.10;0.00;tripinfo_906;2617.00;906;0;794.90;0.99;0.00;2558.87;DEFAULT_VEHTYPE;;40;2151.00
3524.00;3_7_2;200.00;8.12;707.00;1.00;1_2_0;5.10;0.00;tripinfo_706;2817.00;706;0;894.90;0.89;0.00;2743.71;DEFAULT_VEHTYPE;;21;2553.00
3543.00;7_8_1;300.00;13.12;738.00;0.00;2_3_0;5.10;0.00;tripinfo_738;2805.00;738;0;894.90;0.98;0.00;2739.29;DEFAULT_VEHTYPE;;19;2574.00
3551.00;7_6_0;400.00;13.49;836.00;0.00;5_6_0;5.10;0.00;tripinfo_836;2715.00;836;0;1494.90;1.00;0.00;2606.85;DEFAULT_VEHTYPE;;40;2209.00
3561.00;3_4_1;300.00;11.23;3100.00;0.00;6_2_0;5.10;0.00;tripinfo_3100;461.00;3100;0;894.90;0.88;0.00;387.64;DEFAULT_VEHTYPE;;2;338.00
3570.00;6_2_2;200.00;13.56;3521.00;3306.00;7_6_0;5.10;0.00;tripinfo_215;49.00;215;0;594.90;1.00;0.00;5.57;DEFAULT_VEHTYPE;;0;0.00
3571.00;6_5_0;300.00;14.51;781.00;0.00;4_3_0;5.10;0.00;tripinfo_781;2790.00;781;0;1194.90;1.05;0.00;2707.94;DEFAULT_VEHTYPE;;39;2357.00
3582.00;6_2_0;200.00;4.33;649.00;3.00;2_3_0;5.10;0.00;tripinfo_646;2933.00;646;0;1194.90;1.02;0.00;2848.03;DEFAULT_VEHTYPE;;31;2565.00
3612.00;7_6_0;400.00;15.09;2211.00;540.00;4_3_0;5.10;0.00;tripinfo_1671;1401.00;1671;0;894.90;1.12;0.00;1343.07;DEFAULT_VEHTYPE;;11;1285.00
3615.00;7_6_0;400.00;12.56;937.00;0.00;2_3_0;5.10;0.00;tripinfo_937;2678.00;937;0;994.90;0.99;0.00;2605.16;DEFAULT_VEHTYPE;;43;2179.00
3623.00;3_7_0;200.00;5.14;919.00;0.00;5_6_0;5.10;0.00;tripinfo_919;2704.00;919;0;1094.90;1.00;0.00;2625.28;DEFAULT_VEHTYPE;;43;2215.00
3633.00;3_7_2;200.00;12.28;732.00;0.00;1_2_0;5.10;0.00;tripinfo_732;2901.00;732;0;894.90;0.90;0.00;2828.83;DEFAULT_VEHTYPE;;23;2612.00
3669.00;2_1_2;300.00;14.73;3630.00;0.00;6_2_0;5.10;0.00;tripinfo_3630;39.00;3630;0;494.90;1.10;0.00;6.17;DEFAULT_VEHTYPE;;0;0.00
3671.00;3_4_0;300.00;12.80;3160.00;0.00;6_2_0;5.10;0.00;tripinfo_3160;511.00;3160;0;894.90;0.98;0.00;445.35;DEFAULT_VEHTYPE;;7;380.00
3674.00;6_5_1;300.00;15.23;783.00;0.00;4_3_0;5.10;0.00;tripinfo_783;2891.00;783;0;1194.90;1.13;0.00;2814.75;DEFAULT_VEHTYPE;;40;2444.00
3686.00;6_2_0;200.00;3.05;3503.00;0.00;6_2_0;5.10;0.00;tripinfo_3503;183.00;3503;0;194.90;0.96;0.00;168.31;DEFAULT_VEHTYPE;;3;127.00
3756.00;6_2_0;200.00;4.14;3650.00;0.00;6_2_0;5.10;0.00;tripinfo_3650;106.00;3650;0;194.90;0.91;0.00;90.32;DEFAULT_VEHTYPE;;3;53.00
3807.00;3_7_0;200.00;4.76;971.00;2.00;6_2_0;5.10;0.00;tripinfo_969;2836.00;969;0;794.90;1.14;0.00;2785.66;DEFAULT_VEHTYPE;;43;2352.00
3829.00;7_8_1;300.00;13.03;888.00;0.00;2_3_0;5.10;0.00;tripinfo_888;2941.00;888;0;894.90;1.00;0.00;2876.52;DEFAULT_VEHTYPE;;21;2664.00
3836.00;7_6_0;400.00;13.63;968.00;0.00;6_2_0;5.10;0.00;tripinfo_968;2868.00;968;0;1194.90;1.02;0.00;2783.25;DEFAULT_VEHTYPE;;41;2361.00
3847.00;7_6_0;400.00;12.74;993.00;0.00;2_3_0;5.10;0.00;tripinfo_993;2854.00;993;0;994.90;0.98;0.00;2780.76;DEFAULT_VEHTYPE;;42;2363.00
3858.00;6_2_2;200.00;14.40;797.00;0.00;4_3_0;5.10;0.00;tripinfo_797;3061.00;797;0;1094.90;1.13;0.00;2990.46;DEFAULT_VEHTYPE;;42;2604.00
3923.00;2_1_2;300.00;13.36;2857.00;2608.00;3_7_0;5.10;0.00;tripinfo_249;1066.00;249;0;1094.90;1.00;0.00;986.50;DEFAULT_VEHTYPE;;16;825.00
3951.00;7_8_1;300.00;12.43;951.00;0.00;2_3_0;5.10;0.00;tripinfo_951;3000.00;951;0;894.90;0.97;0.00;2933.71;DEFAULT_VEHTYPE;;26;2668.00
3958.00;7_6_0;400.00;13.43;1012.00;3.00;2_3_0;5.10;0.00;tripinfo_1009;2946.00;1009;0;994.90;1.04;0.00;2876.81;DEFAULT_VEHTYPE;;48;2416.00
3985.00;2_1_2;300.00;15.64;496.00;0.00;2_3_0;5.10;0.00;tripinfo_496;3489.00;496;0;1494.90;1.19;0.00;3398.74;DEFAULT_VEHTYPE;;37;3060.00
4005.00;3_4_1;300.00;15.20;1428.00;0.00;4_3_0;5.10;0.00;tripinfo_1428;2577.00;1428;0;1794.90;1.14;0.00;2463.13;DEFAULT_VEHTYPE;;28;2205.00
4006.00;7_8_1;300.00;14.15;989.00;0.00;2_3_0;5.10;0.00;tripinfo_989;3017.00;989;0;894.90;1.04;0.00;2954.13;DEFAULT_VEHTYPE;;27;2679.00
4013.00;7_6_0;400.00;14.39;483.00;1.00;5_6_0;5.10;0.00;tripinfo_482;3530.00;482;0;1494.90;1.08;0.00;3429.54;DEFAULT_VEHTYPE;;39;3083.00
4016.00;6_5_0;300.00;14.03;535.00;0.00;2_3_0;5.10;0.00;tripinfo_535;3481.00;535;0;1294.90;1.07;0.00;3393.33;DEFAULT_VEHTYPE;;35;3079.00
4031.00;6_2_2;200.00;13.02;3028.00;2767.00;3_7_0;5.10;0.00;tripinfo_261;1003.00;261;0;794.90;1.00;0.00;945.15;DEFAULT_VEHTYPE;;17;777.00
4042.00;2_1_1;300.00;11.00;3024.00;2768.00;3_7_0;5.10;0.00;tripinfo_256;1018.00;256;0;1094.90;0.87;0.00;927.04;DEFAULT_VEHTYPE;;15;768.00
4065.00;6_2_0;200.00;5.69;266.00;0.00;1_2_0;5.10;0.00;tripinfo_266;3799.00;266;0;1494.90;0.98;0.00;3689.26;DEFAULT_VEHTYPE;;42;3269.00
4114.00;2_1_2;300.00;15.50;4077.00;0.00;6_2_0;5.10;0.00;tripinfo_4077;37.00;4077;0;494.90;1.14;0.00;5.23;DEFAULT_VEHTYPE;;0;0.00
4139.00;6_2_2;200.00;10.90;4117.00;0.00;6_2_0;5.10;0.00;tripinfo_4117;22.00;4117;0;194.90;0.84;0.00;4.34;DEFAULT_VEHTYPE;;0;0.00
4144.00;3_4_1;300.00;11.95;3705.00;0.00;6_2_0;5.10;0.00;tripinfo_3705;439.00;3705;0;894.90;0.95;0.00;370.70;DEFAULT_VEHTYPE;;5;313.00
4173.00;6_5_2;300.00;13.26;699.00;0.00;6_2_0;5.10;0.00;tripinfo_699;3474.00;699;0;1494.90;1.04;0.00;3370.58;DEFAULT_VEHTYPE;;31;3075.00
4190.00;2_1_1;300.00;13.14;764.00;2.00;2_3_0;5.10;0.00;tripinfo_762;3426.00;762;0;1494.90;0.97;0.00;3314.92;DEFAULT_VEHTYPE;;46;2899.00
4236.00;2_3_2;400.00;5.75;3907.00;0.00;6_2_0;5.10;0.00;tripinfo_3907;329.00;3907;0;594.90;1.19;0.00;292.77;DEFAULT_VEHTYPE;;5;208.00
4238.00;2_3_2;400.00;6.67;3910.00;2.00;6_2_0;5.10;0.00;tripinfo_3908;328.00;3908;0;594.90;0.98;0.00;284.28;DEFAULT_VEHTYPE;;5;206.00
4260.00;3_4_0;300.00;11.28;3885.00;0.00;6_2_0;5.10;0.00;tripinfo_3885;375.00;3885;0;894.90;0.90;0.00;302.47;DEFAULT_VEHTYPE;;6;226.00
4281.00;7_6_0;400.00;13.64;575.00;0.00;6_2_0;5.10;0.00;tripinfo_575;3706.00;575;0;1194.90;1.07;0.00;3624.59;DEFAULT_VEHTYPE;;39;3325.00
4281.00;2_1_2;300.00;13.33;4240.00;0.00;6_2_0;5.10;0.00;tripinfo_4240;41.00;4240;0;494.90;1.01;0.00;4.72;DEFAULT_VEHTYPE;;0;0.00
4295.00;6_2_2;200.00;11.32;884.00;0.00;1_2_0;5.10;0.00;tripinfo_884;3411.00;884;0;1494.90;1.10;0.00;3313.01;DEFAULT_VEHTYPE;;50;2795.00
4342.00;6_2_0;200.00;14.45;4324.00;0.00;6_2_0;5.10;0.00;tripinfo_4324;18.00;4324;0;194.90;1.07;0.00;4.40;DEFAULT_VEHTYPE;;0;0.00
4355.00;3_7_0;200.00;5.88;1087.00;0.00;5_6_0;5.10;0.00;tripinfo_1087;3268.00;1087;0;1094.90;1.17;0.00;3200.45;DEFAULT_VEHTYPE;;47;2667.00
4386.00;7_6_0;400.00;12.10;822.00;0.00;4_3_0;5.10;0.00;tripinfo_822;3564.00;822;0;894.90;0.95;0.00;3495.92;DEFAULT_VEHTYPE;;50;3105.00
4431.00;2_1_1;300.00;13.95;658.00;6.00;2_3_0;5.10;0.00;tripinfo_652;3773.00;652;0;1494.90;1.01;0.00;3665.78;DEFAULT_VEHTYPE;;36;3351.00
4463.00;2_1_1;300.00;12.92;4421.00;0.00;6_2_0;5.10;0.00;tripinfo_4421;42.00;4421;0;494.90;0.96;0.00;4.44;DEFAULT_VEHTYPE;;0;0.00
4508.00;7_8_2;300.00;15.62;1053.00;0.00;6_2_0;5.10;0.00;tripinfo_1053;3455.00;1053;0;1094.90;1.18;0.00;3387.69;DEFAULT_VEHTYPE;;33;3056.00
4544.00;6_5_0;300.00;12.12;1095.00;0.00;5_6_0;5.10;0.00;tripinfo_1095;3449.00;1095;0;1794.90;0.94;0.00;3311.36;DEFAULT_VEHTYPE;;50;2775.00
4554.00;2_1_2;300.00;14.05;661.00;5.00;2_3_0;5.10;0.00;tripinfo_656;3893.00;656;0;1494.90;1.08;0.00;3792.61;DEFAULT_VEHTYPE;;37;3468.00
4559.00;6_2_0;200.00;3.12;4389.00;0.00;6_2_0;5.10;0.00;tripinfo_4389;170.00;4389;0;194.90;1.16;0.00;157.83;DEFAULT_VEHTYPE;;2;134.00
4601.00;2_3_0;400.00;5.01;1985.00;1.00;6_2_0;5.10;0.00;tripinfo_1984;2616.00;1984;0;594.90;0.93;0.00;2569.72;DEFAULT_VEHTYPE;;47;2022.00
4604.00;2_3_0;400.00;7.86;1957.00;0.00;5_6_0;5.10;0.00;tripinfo_1957;2647.00;1957;0;894.90;1.01;0.00;2583.06;DEFAULT_VEHTYPE;;45;2015.00
4606.00;2_3_0;400.00;9.82;1959.00;0.00;5_6_0;5.10;0.00;tripinfo_1959;2647.00;1959;0;894.90;1.09;0.00;2587.56;DEFAULT_VEHTYPE;;49;2004.00
4630.00;2_1_2;300.00;13.84;4590.00;0.00;6_2_0;5.10;0.00;tripinfo_4590;40.00;4590;0;494.90;1.02;0.00;4.45;DEFAULT_VEHTYPE;;0;0.00
4672.00;7_8_1;300.00;13.64;1101.00;0.00;2_3_0;5.10;0.00;tripinfo_1101;3571.00;1101;0;894.90;1.07;0.00;3510.57;DEFAULT_VEHTYPE;;40;3144.00
4677.00;3_7_0;200.00;5.02;1285.00;2.00;6_2_0;5.10;0.00;tripinfo_1283;3392.00;1283;0;794.90;0.94;0.00;3331.14;DEFAULT_VEHTYPE;;51;2760.00
4684.00;7_6_0;400.00;11.38;1179.00;0.00;2_3_0;5.10;0.00;tripinfo_1179;3505.00;1179;0;994.90;0.90;0.00;3424.80;DEFAULT_VEHTYPE;;50;2892.00
4691.00;2_3_0;400.00;6.12;559.00;347.00;3_7_0;5.10;0.00;tripinfo_212;4132.00;212;0;1194.90;1.05;0.00;4050.01;DEFAULT_VEHTYPE;;72;3289.00
4696.00;7_8_1;300.00;16.47;1111.00;0.00;2_3_0;5.10;0.00;tripinfo_1111;3585.00;1111;0;894.90;1.27;0.00;3533.55;DEFAULT_VEHTYPE;;36;3142.00
4703.00;7_6_0;400.00;15.42;1224.00;0.00;2_3_0;5.10;0.00;tripinfo_1224;3479.00;1224;0;994.90;1.15;0.00;3416.47;DEFAULT_VEHTYPE;;50;2853.00
4705.00;7_6_0;400.00;13.94;856.00;0.00;4_3_0;5.10;0.00;tripinfo_856;3849.00;856;0;894.90;1.07;0.00;3788.38;DEFAULT_VEHTYPE;;48;3381.00
4707.00;3_4_2;300.00;15.69;4407.00;0.00;6_2_0;5.10;0.00;tripinfo_4407;300.00;4407;0;894.90;1.18;0.00;245.47;DEFAULT_VEHTYPE;;4;200.00
4711.00;7_8_1;300.00;14.75;4602.00;4265.00;3_7_0;5.10;0.00;tripinfo_337;109.00;337;0;494.90;1.13;0.00;76.74;DEFAULT_VEHTYPE;;4;54.00
4720.00;7_6_0;400.00;13.07;1325.00;0.00;2_3_0;5.10;0.00;tripinfo_1325;3395.00;1325;0;994.90;1.01;0.00;3323.71;DEFAULT_VEHTYPE;;49;2755.00
4742.00;6_2_0;200.00;11.74;860.00;0.00;4_3_0;5.10;0.00;tripinfo_860;3882.00;860;0;1094.90;0.89;0.00;3792.69;DEFAULT_VEHTYPE;;51;3382.00
4776.00;7_8_1;300.00;13.34;1118.00;0.00;2_3_0;5.10;0.00;tripinfo_1118;3658.00;1118;0;894.90;1.05;0.00;3596.08;DEFAULT_VEHTYPE;;39;3197.00
4779.00;7_6_0;400.00;17.16;624.00;0.00;1_2_0;5.10;0.00;tripinfo_624;4155.00;624;0;1294.90;1.24;0.00;4079.64;DEFAULT_VEHTYPE;;36;3758.00
4779.00;2_3_0;400.00;4.84;2303.00;6.00;6_2_0;5.10;0.00;tripinfo_2297;2476.00;2297;0;594.90;1.00;0.00;2433.14;DEFAULT_VEHTYPE;;38;1973.00
4793.00;2_3_0;400.00;5.38;2375.00;0.00;6_2_0;5.10;0.00;tripinfo_2375;2418.00;2375;0;594.90;0.96;0.00;2373.40;DEFAULT_VEHTYPE;;36;1923.00
4796.00;2_3_0;400.00;8.64;643.00;0.00;4_3_0;5.10;0.00;tripinfo_643;4153.00;643;0;1494.90;0.93;0.00;4036.36;DEFAULT_VEHTYPE;;64;3330.00
4801.00;7_8_0;300.00;13.90;1116.00;0.00;6_2_0;5.10;0.00;tripinfo_1116;3685.00;1116;0;1094.90;1.01;0.00;3606.25;DEFAULT_VEHTYPE;;39;3188.00
4812.00;6_5_0;300.00;11.78;1292.00;0.00;5_6_0;5.10;0.00;tripinfo_1292;3520.00;1292;0;1794.90;0.90;0.00;3376.18;DEFAULT_VEHTYPE;;52;2817.00
4812.00;2_3_2;400.00;11.74;1410.00;0.00;8_7_0;5.10;0.00;tripinfo_1410;3402.00;1410;0;1294.90;0.89;0.00;3295.83;DEFAULT_VEHTYPE;;1;3284.00
4813.00;7_6_0;400.00;11.74;1371.00;0.00;2_3_0;5.10;0.00;tripinfo_1371;3442.00;1371;0;994.90;0.87;0.00;3358.41;DEFAULT_VEHTYPE;;51;2811.00
4814.00;7_8_1;300.00;14.00;1185.00;0.00;2_3_0;5.10;0.00;tripinfo_1185;3629.00;1185;0;894.90;1.07;0.00;3568.40;DEFAULT_VEHTYPE;;40;3125.00
4823.00;3_7_0;200.00;4.65;1426.00;1.00;5_6_0;5.10;0.00;tripinfo_1425;3397.00;1425;0;1094.90;0.85;0.00;3304.46;DEFAULT_VEHTYPE;;60;2709.00
4829.00;6_5_0;300.00;13.50;3141.00;2873.00;3_7_0;5.10;0.00;tripinfo_268;1688.00;268;0;894.90;1.04;0.00;1625.48;DEFAULT_VEHTYPE;;21;1435.00
4830.00;3_4_0;300.00;11.48;4761.00;3324.00;2_3_0;5.10;0.00;tripinfo_1437;69.00;1437;0;694.90;0.87;0.00;11.32;DEFAULT_VEHTYPE;;0;0.00
4837.00;2_3_0;400.00;5.48;2492.00;0.00;6_2_0;5.10;0.00;tripinfo_2492;2345.00;2492;0;594.90;1.04;0.00;2303.73;DEFAULT_VEHTYPE;;41;1825.00
4852.00;6_5_0;300.00;11.17;1498.00;0.00;4_3_0;5.10;0.00;tripinfo_1498;3354.00;1498;0;1194.90;0.89;0.00;3256.67;DEFAULT_VEHTYPE;;29;3012.00
4855.00;7_6_0;400.00;11.95;777.00;0.00;5_6_0;5.10;0.00;tripinfo_777;4078.00;777;0;1494.90;0.94;0.00;3962.78;DEFAULT_VEHTYPE;;36;3592.00
4859.00;2_1_1;300.00;15.96;1411.00;0.00;2_3_0;5.10;0.00;tripinfo_1411;3448.00;1411;0;1494.90;1.24;0.00;3360.22;DEFAULT_VEHTYPE;;56;2759.00
4869.00;2_1_0;300.00;14.54;754.00;0.00;2_3_0;5.10;0.00;tripinfo_754;4115.00;754;0;1494.90;1.06;0.00;4012.36;DEFAULT_VEHTYPE;;37;3663.00
4880.00;2_3_2;400.00;12.07;3435.00;3112.00;3_7_0;5.10;0.00;tripinfo_323;1445.00;323;0;1194.90;0.88;0.00;1346.19;DEFAULT_VEHTYPE;;19;1181.00
4882.00;6_2_0;200.00;12.69;1133.00;0.00;4_3_0;5.10;0.00;tripinfo_1133;3749.00;1133;0;1094.90;0.97;0.00;3668.00;DEFAULT_VEHTYPE;;17;3508.00
4900.00;6_5_0;300.00;10.46;1559.00;0.00;6_2_0;5.10;0.00;tripinfo_1559;3341.00;1559;0;1494.90;0.82;0.00;3210.23;DEFAULT_VEHTYPE;;55;2602.00
4935.00;2_3_0;400.00;6.38;2580.00;2.00;6_2_0;5.10;0.00;tripinfo_2578;2355.00;2578;0;594.90;1.10;0.00;2315.74;DEFAULT_VEHTYPE;;39;1804.00
4956.00;7_6_0;400.00;16.28;728.00;0.00;5_6_0;5.10;0.00;tripinfo_728;4228.00;728;0;1494.90;1.24;0.00;4140.24;DEFAULT_VEHTYPE;;44;3746.00
4973.00;6_2_0;200.00;13.88;665.00;0.00;1_2_0;5.10;0.00;tripinfo_665;4308.00;665;0;1494.90;1.05;0.00;4205.39;DEFAULT_VEHTYPE;;45;3814.00
4977.00;7_8_1;300.00;14.87;3130.00;1026.00;4_3_0;5.10;0.00;tripinfo_2104;1847.00;2104;0;794.90;1.15;0.00;1796.96;DEFAULT_VEHTYPE;;4;1769.00
4986.00;7_6_0;400.00;13.63;1574.00;0.00;5_6_0;5.10;0.00;tripinfo_1574;3412.00;1574;0;1494.90;1.03;0.00;3307.09;DEFAULT_VEHTYPE;;56;2670.00
